,road_name
0,安宁河路
1,安阜街
2,安顺廊桥
3,安居路
4,安公路
5,安信路
6,安靖北路
7,安靖下街
8,安家街
9,安德立交桥
10,安公路
11,爱明街
12,鞍桥东路
13,鞍桥西路
14,安福街
15,安唐路
16,安轻路
17,安金路
18,安康南路
19,安吉路
20,安康北路
21,安仁西街
22,安仁东街
23,敖兴街
24,安蓉西路
25,安蓉路
26,安唐路
27,白河路
28,百日红西路
29,白龙江路
30,柏杨街
31,八角井街
32,白马路
33,白马庙街
34,百利路
35,百信路
36,柏树街
37,百草路
38,贝森路
39,百叶路
40,百川路
41,百草街
42,贝双街
43,白桦街
44,碧林街三段
45,碧林街一段
46,菠罗街
47,滨清路
48,宝生街
49,保华路
50,半边桥南街
51,北大街
52,百花桥
53,北桂路
54,北三环路一段
55,北三环路二段
56,北三环路三段
57,北三环路四段
58,北站西一路
59,北站东一路
60,北新干道
61,北站西二路
62,北站西一巷
63,白家塘街
64,斑龙路
65,北门坡路
66,北坛路
67,班竹林街
68,白河路
69,白衣中街
70,白衣下街
71,滨江西路北一段
72,滨江西路北二段
73,白衣上街
74,白沙街
75,布后街
76,百花潭路
77,蓓蕾街
78,百花西街
79,百花西路
80,滨江中路
81,滨江东路
82,百花正街
83,百花南街
84,百花东街
85,北顺街
86,包家巷
87,贝森南路
88,百卉路
89,白丝街
90,北糠市街
91,北纱帽街
92,斌升街
93,百花东路
94,宾隆街
95,北顺西巷
96,博雅街
97,保华路
98,白鹤东路
99,百日红中路
100,北新大道
101,白下路
102,白家塘街
103,白云寺街
104,北湖环湖路
105,宝耳国际大道
106,斑龙路
107,滨河路一巷
108,百盛路
109,宝光街
110,博海路
111,宝光大道北段一巷
112,八达路
113,白鹤街
114,笔杨路
115,宾河巷
116,北滨路上段
117,北河二桥
118,白头立交桥
119,白家场立交
120,白鹤林立交
121,北新立交桥
122,滨江东路北一段
123,北巷子
124,滨河路西段
125,白头西街
126,白头立交桥
127,白头东街
128,滨河路中段
129,百花巷
130,滨河路东段
131,百锦路
132,百花桥
133,保水街
134,白三路（旧）
135,白沙街
136,北泉路
137,柏华路
138,北川路
139,白家路
140,八一大路
141,滨湖东路
142,北京路北段
143,滨河桥
144,保安寺路
145,滨河二桥
146,北门坡路
147,北岸街
148,八宝街
149,炳云街
150,白果路
151,宝清路
152,柏桦街
153,八卦路
154,班竹林街
155,白云大道
156,八角大道
157,滨江东路南一段
158,白河路
159,北仓跨路一段
160,八角街
161,板桥街
162,柏条河路二段
163,柏条河路一段
164,八步桥街
165,柏条河北路中段
166,宝莲路
167,柏条河南路下段
168,柏条河北路下段
169,八棵树街
170,白义路
171,北外街
172,碧鸡大道
173,北新路
174,白水河西路
175,百花岭路
176,拜水西路
177,碧玉巷
178,拜水东路
179,北桂路
180,北站东二路
181,北站东一路
182,白马后巷
183,白马寺街
184,北站西一巷
185,白马寺北顺街
186,八里庄路
187,八里桥路
188,北较场西路
189,北站西一路
190,北站西二巷
191,北东街
192,北站西三巷
193,贝新巷
194,贝森北路
195,北打铜街
196,北门大桥
197,百寿路
198,百草路
199,菠罗街
200,北桂路
201,碧鸡大道
202,白义路
203,白八路
204,滨江街
205,白水河大桥
206,八宝街
207,八里庄路
208,八里桥路
209,北新大道
210,北新干道
211,北湖环湖路
212,北新立交桥
213,宝光大道中段
214,宝光大道南段
215,北河大桥
216,成双大道
217,成温邛公路
218,成龙大道
219,成环路
220,成洛大道
221,成温邛辅道
222,春江南路
223,春凫街
224,春江东路
225,春水路
226,陈石路
227,春江西路
228,春乡街
229,春水二支道
230,翠竹街
231,淳清路
232,成飞路
233,城武街
234,菜市巷
235,城东巷
236,蔡湾立交中桥
237,成华大道
238,草堂北路
239,祠堂街
240,沧浪桥
241,长福街
242,成洛大道
243,长融街
244,长天路
245,成洛公路
246,川环路
247,彩虹大道
248,朝阳北路
249,翠湖西路
250,成彭立交
251,成金青快速通道
252,成南路
253,城西街
254,昌明街
255,成新蒲快速路
256,菜园大道
257,成温邛公路
258,崇江南路
259,崇庆北路
260,成环路
261,长龙街
262,草帽街
263,车城东七路
264,成龙大道
265,蔡家河街
266,草堂路
267,长顺上街
268,纯阳观街
269,慈惠堂街
270,成科西路
271,长城东一路
272,成科路
273,长益路
274,长益街
275,长益西二路
276,成华大道
277,成龙路
278,萃锦东路
279,陈家巷
280,萃锦西路
281,晨辉北路
282,糍粑店街
283,长荣路
284,草堂巷
285,长益北街
286,长城东三路
287,草堂东路
288,穿巷子
289,簇桥上街
290,成汉中路
291,晨辉东路
292,草堂北路
293,草堂北支路
294,长发街
295,长顺中街
296,成汉北路
297,城通路
298,长益东二路
299,晨辉路
300,晨辉一街
301,晨辉二街
302,晨辉西路
303,翠风路
304,城守东大街段
305,长顺街
306,长寿南路
307,长益东一路
308,城守街
309,崔家店北二路
310,超洋路
311,长天路
312,创瑞街
313,成洛公路
314,崔家店北一路
315,崔家店南路
316,长融街
317,成德路
318,茶花街
319,椿树街
320,长月路
321,成致路
322,长林街一巷
323,成济路
324,成佳路
325,长林街二巷
326,长林街三巷
327,成康路
328,成宏路
329,翠微路
330,丛树大道
331,长安中街
332,长安下街
333,成阿大道三段
334,成阿大道二段
335,崇义桥北街
336,崇义桥南街
337,承顺街
338,成德大道
339,茶树街
340,成金快速路
341,苍松街
342,春水路
343,成飞大道
344,成青路
345,成温邛高速公路
346,成雅互通式立交桥
347,崇州立交桥
348,成渝立交
349,成南立交
350,城北出口高速公路
351,成绵立交
352,成青金立交桥
353,成双大道
354,长城路西街
355,春岭巷
356,辰居路
357,崇庆北路
358,成温邛公路
359,崇庆中路
360,崇江南路
361,崇江中路
362,崇中路
363,川兴街
364,崇阳大道
365,崇安公路
366,晨曦大道
367,崇兴路
368,草金南路
369,簇锦南路
370,簇桥后街
371,草金东路
372,簇锦横街
373,草金路西延线
374,草金路南段
375,簇桥中街
376,簇马路三段
377,簇马路一段
378,草金街
379,潮音大道
380,草金路
381,草金路中段
382,楚北路
383,潮音路
384,簇锦中街
385,簇桥下街
386,簇马路二段
387,川九路
388,川半路
389,簇锦北路
390,草金路北段
391,成环路
392,成飞大道
393,簇兴横街
394,成仁路
395,成白路
396,萃华路
397,成华街
398,朝阳横街
399,长江西一街
400,长江东一街
401,成汉南路
402,菜蔬街
403,朝中路
404,川大南路
405,川大南路二段
406,成龙大道
407,川路塑胶大街
408,采莲路
409,成万路
410,车城东二路
411,车城东一路
412,晨曦街
413,车城西二路南段
414,车城西二路
415,车城西一路
416,翠龙街
417,草帽街
418,车城东三路
419,车城东四路
420,车城东六路
421,车城西五路
422,车城东五路
423,车城西四路
424,创业南街
425,长柏路
426,成祥街
427,成佳街
428,春江巷
429,朝阳大道
430,茶马大道
431,蔡渡大桥
432,川粮街
433,纯阳路
434,城西巷
435,长乐东街
436,出江正街
437,长春南路
438,长春东路
439,长春西路
440,春北横街
441,长春北路
442,川湘路
443,澄平街
444,菜康路
445,成新蒲快速路
446,丛桂街
447,淳化街
448,川大路
449,成双公路
450,长冶路
451,草鞋市巷
452,城北上街
453,城北中街
454,菜园大道
455,城北下街
456,长鸿路
457,赤环路
458,槽磨路
459,崇锦路
460,长林街
461,茶树巷
462,长板街南段
463,长庆街
464,车家桥街
465,翠湖西路
466,翠湖街
467,翠湖东路
468,川天路
469,川建路
470,茶店子横街
471,成华南街
472,城隍东巷
473,城隍庙南二巷
474,长顺下街
475,成华北巷
476,成华巷
477,长庆西一路
478,长兰路
479,长平街
480,长庆东一路
481,长久一巷
482,长青横街
483,长和路
484,长青北街
485,成华西街
486,茶店子北街
487,茶店子南街
488,赤虎桥
489,赤虎桥东路
490,川环路
491,成青路
492,长林街
493,茶店子路
494,茶店子西街
495,茶店子东街
496,茶店子正街
497,成华大道
498,成金青快速通道
499,成阿大道二段
500,成德大道
501,川鑫大道
502,成金快速路
503,成南路
504,苍松街
505,大邑大道
506,电子路
507,东洪路中段
508,丹景山路
509,德全南路
510,东巷子
511,德全中街
512,德全北街
513,德通桥南路
514,导航路
515,迪康大道
516,蝶飞路
517,德和街
518,达盛路
519,丁子街
520,德富大道
521,大达巷
522,独柏环街
523,独柏街
524,独柏中巷
525,大件南段
526,东光街
527,东怡街
528,大慈寺路
529,东御街
530,东三环路四段
531,东三环路三段
532,东三环路五段
533,大同巷
534,东鸿路
535,都江堰大道
536,洞子口路
537,东三环路一段
538,东三环路二段
539,东星大道
540,大邑大道
541,电视塔路
542,电力巷
543,东航路
544,东安北路
545,东御街
546,点将台街
547,大石西一街
548,大安正街
549,董家湾正街
550,董家湾中街
551,董家湾南街
552,东怡街
553,大石西路
554,东光街
555,东光南二巷
556,东光南一巷
557,大石东路
558,大石南路
559,东胜街
560,东城根街
561,冻青树街
562,东四街
563,东安南路
564,大华街
565,大业路
566,大墙东街
567,大塘坎街
568,董家湾路
569,东城根南街
570,大墙西街
571,督院街
572,东较场街
573,东玉龙街
574,董家湾北街
575,电信南街
576,东风路北二巷
577,东篱路
578,大田坎街
579,东华正街
580,东御河沿街
581,东锦江街
582,东秀二路
583,东秀一路
584,东风路北一巷
585,电信后街
586,倒桑树街
587,多子巷
588,东府街
589,点将台东街
590,东顺城中街
591,多宝寺南路
592,大平路
593,大观里
594,东洪路
595,蝶花街
596,多宝寺路
597,东鸿路
598,东洪路北段
599,东浦路
600,大安中路
601,东大街东四段
602,东丽街
603,东环西街
604,定兴街
605,大天路
606,大观街
607,德育桥
608,渡口路
609,大成街
610,帝标路
611,大弯南路
612,大弯西路
613,大弯中路
614,大弯东路
615,大弯北路
616,邓双互通式立交桥
617,都汶高速公路
618,大丰镇立交
619,大件路
620,东濠沟北段
621,东升街西二巷
622,东平桥
623,东升一路
624,大井东街
625,东坡南一路
626,大洋路
627,东坡北三路
628,东坡北二路
629,东坡北一路
630,大井西街
631,东宁路
632,大源北一街
633,大源南二街
634,大源西街
635,大源东街
636,大源南一街
637,大源街
638,大源北二街
639,大源北中街
640,大源北支路
641,杜英路
642,大十三路
643,董郎路
644,地京路
645,大兴场街
646,东驭路
647,当垆街
648,东虹路
649,东星大道
650,东锦街
651,东顺河街
652,大件南段
653,定远路
654,东濠沟南段
655,大邑大道
656,电视塔路
657,大青路
658,道观路
659,大三路
660,大倡路
661,都江堰大道
662,丹坪街
663,东北市街
664,东南市街
665,大龙谭南路
666,东湖南街
667,调露巷
668,大龙潭东路
669,大龙潭西路
670,大官桥
671,灯笼街
672,大安西路
673,东城拐下街
674,洞两路
675,东二道街
676,洞子口北街
677,大安东路
678,东珠市街
679,东紫路
680,东荆路
681,东沙街
682,东打铜街
683,东马道街
684,地勘路
685,东大街东三段
686,大福建营巷
687,东马棚街
688,东通顺街
689,大安西滨河路
690,德通桥路
691,大三路
692,东软大道
693,都江堰大道
694,德盛路
695,洞子口路
696,东环西街
697,定兴街
698,东环路北段
699,电业街
700,二环路
701,二环路南三段
702,二环路南二段
703,二仙桥东二路
704,二仙桥西北一路
705,二仙桥西一巷
706,二仙南一巷
707,二仙桥西北二路
708,二仙桥北四路
709,二仙桥北路
710,二仙桥北二路
711,二仙桥东三路
712,二仙桥北一路
713,二江路
714,二龙街
715,二仙桥南一路
716,二仙桥西北路
717,二道桥街
718,二环路
719,二仙桥西路
720,二仙桥北二路
721,二仙桥东路
722,府兴街
723,凤溪大道
724,凤柳路
725,凤凰南大街
726,凤凰北大街
727,方安路
728,飞虎路
729,芙蓉横街
730,府城大道
731,芳草街
732,芙蓉西路
733,丰收路
734,福寿巷
735,凤凰西路
736,府城大道
737,复兴桥
738,繁江南路
739,繁江北路
740,繁江大道
741,繁清路
742,繁崇路
743,蜚虹路
744,方园街
745,飞云路
746,方池街
747,福字街
748,芳草街
749,芳华街
750,芳华横街
751,府城大道
752,芳沁街
753,藩库街
754,芳草东街
755,方正东街
756,梵音寺街
757,芳草西一街
758,芳邻路
759,富强上街
760,芳草西二街
761,福德街
762,肥猪市街
763,枫香街
764,芙蓉中路
765,抚琴北巷
766,抚琴东巷
767,福宁路
768,福蓓街
769,福洪商业街
770,方元路
771,繁环路
772,服装城路
773,方营路
774,甫家一路
775,甫家二路西段
776,甫家二路东段
777,繁昇路
778,繁新路
779,繁江大道
780,繁广路
781,繁清路
782,繁崇路
783,凤凰大道一段
784,凤祥大道
785,复兴大道
786,凤凰西七路
787,凤凰大道二段
788,凤凰大道三段
789,凤溪大道
790,防洪堤路
791,富民路北段
792,丰泉街
793,飞云路
794,凤翔大道
795,富港路
796,府金路
797,福锦路
798,涪江路
799,涪陵路
800,府河路
801,府河横街
802,府滨北路
803,府滨中路
804,富华北路
805,富民路一段
806,驸江路
807,驸马路
808,凤江街
809,飞虎路
810,抚琴街
811,富龙街
812,方园街
813,蜚虹街
814,方兴南街
815,富荣街
816,方兴北街
817,方兴街
818,富民路南段
819,富民路中段
820,府青路
821,府河下街
822,福龙路
823,丰乐南街
824,凤楼南街
825,凤楼西街
826,抚琴街南三巷
827,抚琴西南街
828,抚琴东南路
829,凤仪东路
830,抚琴东北路
831,抚琴南路
832,福泉东路
833,抚琴西北街
834,抚琴西南路
835,福康街
836,抚琴西路南二巷
837,抚琴西路南一巷
838,抚琴街南一巷
839,府河桥西路
840,府青路
841,抚琴西路
842,繁江大道
843,复兴大道
844,凤祥大道
845,高升桥路
846,光华大道
847,观景路
848,钢铁村桥
849,工农兵大桥
850,古峰路
851,共耕街
852,公永路
853,广富路
854,光耀三路
855,广严大道北段
856,光耀二路
857,古天下街
858,古镇横街
859,古镇街
860,关柏路
861,国宁中街
862,港中路
863,港富路
864,港大路
865,港北四路
866,港通北一路
867,古楠街
868,光华村街
869,高攀东路
870,高升桥路
871,高升桥东路
872,光大巷
873,公园后门桥
874,高攀东路
875,桂红路
876,古镇东街
877,古镇街
878,官亭街
879,关集路
880,桂红路
881,官渡大道
882,广都大道
883,广都大道四段
884,宫保里
885,高升桥路
886,拱桥街
887,桂王桥东街
888,广厦巷
889,广福桥正街
890,高升桥北街
891,公行道
892,高升桥东路
893,广福桥街
894,郭家桥西街
895,桂溪路
896,高朋东路
897,郭家桥正街
898,广福桥北街
899,国槐街
900,高升桥路
901,高攀路
902,高朋大道
903,高攀西巷
904,高远路
905,广福横街
906,广福桥西街
907,高升桥南街
908,广和一街
909,桂王桥南街
910,鼓楼北二街
911,功博路
912,鼓楼北一街
913,桂王桥北街
914,高翔西路
915,郭家桥北街
916,光华村南街
917,光华巷
918,广福桥巷
919,工农院街
920,国信路
921,高朋西路
922,桂馨路
923,桂溪东路
924,光明滨河路
925,耿家巷
926,鼓楼洞街
927,拐枣树街
928,桂溪西街
929,高攀东路
930,古雅坡路
931,高翔路
932,高远二路
933,国学巷
934,广和二街
935,郭家桥南街
936,古卧龙桥街
937,古中市街
938,桂王桥西街
939,干槐树街
940,共和村
941,观音桥
942,高樊东路
943,广益西路
944,国香街
945,高车一路
946,国光路
947,共和街
948,桂林北路
949,桂林西路
950,桂林东路
951,桂林南路
952,国染大道
953,规划九路
954,桂龙街
955,高堆路
956,桂蕊街
957,桂湖中路
958,桂湖西路
959,桂湖东路
960,桂水路
961,观梨路
962,桂红路
963,高墙路
964,观鹤巷
965,果居路
966,桂龙巷
967,高朋路
968,果市巷
969,观潮路
970,观音泉北街
971,观音泉南街
972,灌温路
973,G4201-成都绕城高速公路
974,G76-龙泉山隧道
975,古榕街
976,干溪河大桥
977,观新街
978,果盛路
979,柑通路
980,广巍路
981,果丰路
982,果堰路
983,果顺路
984,甘泉二巷
985,甘泉街
986,干塘路
987,广东街
988,公济桥路
989,广都中街
990,广都上街
991,工业园区一路
992,广乐路
993,广定路
994,官塘街
995,公黄路
996,固驿桥
997,高埂街
998,古佛洞大桥
999,官渡大道
1000,官渡东街
1001,观音阁街西段
1002,共和下街
1003,光电大道
1004,港通北三路
1005,港北五路
1006,港通北二路
1007,港北三路
1008,港北二路
1009,港北一路
1010,港裕路
1011,港通北四路
1012,港北六路
1013,港东一路
1014,港东三路
1015,港东二路
1016,古寺街
1017,高山流水路
1018,古堰东街
1019,观江街
1020,观凤路
1021,观凤东街
1022,国泰西路
1023,国泰东路
1024,观景路
1025,官亭街
1026,关集路
1027,光荣西路
1028,光荣北路
1029,观音阁前街
1030,古靖路
1031,古柏西街
1032,高车东路
1033,过街楼街
1034,观音阁后街
1035,果驷巷
1036,公交路
1037,鼓楼北三街
1038,鼓楼北四街
1039,高尔夫大街
1040,灌温路
1041,观景路
1042,桂湖西路
1043,高东路
1044,观龙路
1045,桂湖东路
1046,广大路
1047,广金公路
1048,红照壁街
1049,花龙路
1050,华金大道二段
1051,华金大道三段
1052,和顺二路
1053,海枣街
1054,洪平路
1055,和美西路
1056,槐树北街
1057,槐树中街
1058,红瓦横街
1059,花果山路
1060,洄澜街
1061,红瓦店街
1062,花果山龙潭路
1063,汇江东街
1064,汇江西街
1065,汇江南街
1066,汇江北街
1067,花容路
1068,花蕊路
1069,花都大道西段
1070,花季街
1071,花韵大道
1072,和正街
1073,花土路
1074,惠民正街
1075,惠民北街
1076,和兴街
1077,惠民南街
1078,合宣路
1079,和心路
1080,皇姑路
1081,汇川街一段
1082,花篱路
1083,红叶街
1084,汇川街二段
1085,汇川街三段
1086,花土东街
1087,花土西街
1088,和居路
1089,黄菇路
1090,黄金东一路
1091,黄金东二路
1092,华新路
1093,花卉街
1094,浣沙路
1095,华港路
1096,华书巷
1097,红旗大道南段
1098,红光路北一段
1099,合兴路
1100,黄家桥街
1101,和港路
1102,合信路
1103,合瑞路
1104,红瓦街
1105,鹤山北路
1106,海林二巷
1107,惠丰路
1108,海林一巷
1109,花普路
1110,火车南站西路
1111,黄河中路
1112,红照壁街
1113,红牌楼路
1114,河边街
1115,横小南街
1116,浣锦路
1117,皇经楼路
1118,火车南站东路
1119,红照壁街
1120,槐树店路
1121,淮洛路
1122,浣沙路
1123,花龙路
1124,花龙西路
1125,花牌坊街
1126,红阳路
1127,华逸路
1128,黄津路
1129,花普路
1130,华安北街
1131,华安南街
1132,黄甲大道
1133,华创路
1134,鹤翔大道
1135,航鹰东路
1136,航都大街
1137,航林路
1138,航港路
1139,鸿雁路
1140,航园路
1141,汇源街
1142,华龙路
1143,华府大道
1144,华兴东街
1145,横陕西街
1146,海椒市街
1147,红牌楼北街
1148,红簇路
1149,黉门后街
1150,红牌坊
1151,和硕西街
1152,和盛西街
1153,海椒市东街
1154,宏济东路
1155,宏济新路
1156,浣花滨河路
1157,横丁字街
1158,宏济中路
1159,宏顺街
1160,宏济巷
1161,桦彩路
1162,浣花里
1163,河心路
1164,汇泉南路
1165,皇经楼二街
1166,皇经楼西路
1167,皇经楼三街
1168,黄杨街
1169,红牌楼二街
1170,红牌楼北街一巷
1171,红运街
1172,恒侯巷
1173,华姿路
1174,皇经楼一街
1175,浣花北路
1176,红牌楼一街
1177,宏明路
1178,华泰四路
1179,火车南站西路
1180,红牌楼路
1181,红牌楼北街二巷
1182,浣花南路
1183,浣花南路桥
1184,浣锦滨河路
1185,红石柱横街
1186,浣花溪桥
1187,华兴正街
1188,和硕东街
1189,红牌楼北街25号桥
1190,华新路桥
1191,核桃堰路
1192,汇泉北路
1193,和盛东街
1194,航中街
1195,华兴上街
1196,红瓦寺街
1197,华泰五路
1198,红布正街
1199,宏济上路
1200,汇泉西路
1201,合欢树街
1202,洪河大道中路
1203,洪河大道北路
1204,惠王陵东路
1205,惠王陵西路
1206,洪河北路
1207,洪玉路
1208,洪柳南路
1209,槐树店路
1210,花圃路
1211,红豆树街
1212,黄葛树街
1213,洪景西路
1214,洪景南路
1215,海桐街
1216,和美东路
1217,花牌坊北街
1218,海霸王路
1219,红石柱街
1220,红墙巷
1221,互利西一巷
1222,华林一路
1223,华林二路
1224,华冠路
1225,华甸路
1226,华彩路
1227,华翰路
1228,华实路
1229,洪黄路
1230,黄义路
1231,华美街
1232,皇花街
1233,互惠大道
1234,花都大道
1235,河顺街
1236,华美东街
1237,互惠大道三巷
1238,货运大道西沿线
1239,皇恩寺路
1240,互江路
1241,黄鹤路
1242,厚诚路
1243,惠民路横一巷
1244,惠民路横二巷
1245,湖滨路一巷
1246,惠民路三巷
1247,惠民二路
1248,惠民一路
1249,花五路
1250,禾登街
1251,洪山堂中路
1252,洪山堂西路
1253,洪山堂东路
1254,回丰路
1255,华金大道二段
1256,红阳路
1257,红阳巷
1258,红阳东路
1259,华逸路
1260,化工南路
1261,华金大道三段
1262,韩滩路
1263,火盆路
1264,韩滩大桥
1265,花容路
1266,会缘路
1267,环行大道西段
1268,航枢二路
1269,航枢大道
1270,湖夹滩西五街
1271,湖夹滩西二街
1272,湖夹滩西一街
1273,湖夹滩西三街
1274,湖夹滩西四街
1275,湖夹滩东三街
1276,惠通桥
1277,横东街
1278,槐子树街
1279,宏华大道
1280,黑市河桥
1281,浩旺路
1282,浩欣路
1283,海旺路
1284,浩瀚路
1285,好顺路
1286,海洋二路
1287,航都大街
1288,惠民路二段
1289,惠民路一段
1290,花龙大道
1291,慧邦路
1292,航鹰西路
1293,航林路
1294,洪江路
1295,红辉路
1296,航港路
1297,航园路
1298,货运大道
1299,鸿雁路
1300,华大籍路
1301,黄金桥路
1302,海昌北路
1303,华府大道
1304,回龙路
1305,黄荆路
1306,黄荆路东延线
1307,黄金路东延线
1308,华路街
1309,华新上街
1310,花红小区中街
1311,黄荆路B
1312,和美街
1313,环行大道东段
1314,华新下街
1315,华新中街
1316,华文巷
1317,华熙路
1318,会龙大道
1319,和美路
1320,皇经楼路
1321,华阳商业广场
1322,黉柏路
1323,荷塘路
1324,环荷路
1325,合龙街
1326,洪升路
1327,红岭路
1328,华信大道
1329,华信南路
1330,华信北路
1331,鹤山南路
1332,鹤翔街
1333,鹤山北路
1334,鹤山桥
1335,黄龙大道
1336,黄坝南路
1337,黄坝西路
1338,汇源巷
1339,环东巷
1340,黄坝东路
1341,黄坝北路
1342,黄坝大桥
1343,横江街
1344,海林西巷
1345,华林街
1346,惠丰后街
1347,货运外绕线
1348,红石一街
1349,黄渡南街
1350,黄桷树街
1351,黄甲大道
1352,黄渡西街
1353,黄瓦街
1354,花源大道
1355,鹤翔大道
1356,红光东四巷
1357,红光西二巷
1358,红光西三巷
1359,红光西五巷
1360,红光东三巷
1361,红光东五巷
1362,红光东二巷
1363,胡巷街
1364,黄楠路
1365,红石东街
1366,华安北街
1367,红石西街
1368,花月中街
1369,黄河北路
1370,弘民路
1371,华檬路
1372,花月东街
1373,荷塘南街
1374,荷塘北街
1375,荷塘中街
1376,航鹰东路
1377,航枢一路
1378,鸿都巷
1379,红佳路
1380,和乐巷
1381,和顺二巷
1382,红佳东路
1383,红高路
1384,和顺三巷
1385,红光中路
1386,合瑞南路
1387,红光广场路下穿隧道
1388,荷园路
1389,环山西四街
1390,环山东三街
1391,花乡路
1392,花乡西路
1393,花乡南路
1394,花乡西二路
1395,花乡东路
1396,湖广馆巷
1397,汇香路
1398,花乡北路
1399,花龙北路
1400,花龙南路
1401,红照壁南街
1402,红楼街
1403,花龙路
1404,红照壁北街
1405,花龙东路
1406,花龙西路
1407,环湖路一段
1408,胡家巷
1409,互助街
1410,惠安大道
1411,黄花公路
1412,华油路
1413,红花西路
1414,华油巷
1415,虹波路
1416,横东城根街
1417,花径路
1418,黄忠横街
1419,花圃北路
1420,恒德路
1421,化成街
1422,黄忠街
1423,黄苑街
1424,黄忠路
1425,花照壁东街
1426,洪山南路
1427,红花东路
1428,皇花园路
1429,侯家桥三街
1430,侯家桥路
1431,侯家桥二街
1432,汇泽路
1433,黄忠西街
1434,花照壁西顺街
1435,花照壁上横街
1436,花照壁中横街
1437,黄苑东街
1438,横桥街
1439,候罗路
1440,洪山北路
1441,侯家桥一街
1442,花圃路南二巷
1443,红花北路
1444,红花南路
1445,红庙子街
1446,花照壁街
1447,惠民正街
1448,何公路
1449,恒山南街
1450,恒山北街
1451,花竹路
1452,湖广馆巷
1453,花牌坊街
1454,虹波路
1455,槐树街
1456,红花东路
1457,洪山北路
1458,海霸王路
1459,红星立交桥
1460,红星桥
1461,淮州大道
1462,淮白路
1463,黄桷树街
1464,IT大道
1465,IT大道
1466,涧槽北街
1467,涧槽中街
1468,晋阳路
1469,锦城大道
1470,净居寺路
1471,浆洗街
1472,静明路
1473,静康路
1474,金沙街
1475,佳宏南路
1476,江安河路
1477,佳宏北路
1478,锦星路
1479,锦江街
1480,金色阳光路
1481,锦泉街
1482,锦绣大道北段
1483,嘉宜路
1484,金河东路
1485,江宁南路
1486,金河西路
1487,金科南二路
1488,金粮路
1489,金科苑中街
1490,金科苑正街
1491,金周路
1492,精诚路
1493,金鹏街
1494,金福路
1495,金福北路
1496,江西街九巷
1497,金乡二路
1498,金栖路
1499,金菊街
1500,金科南路
1501,金科苑东街
1502,金福南路
1503,金祥路
1504,金科南三路
1505,金科苑路
1506,金科苑南街
1507,街子桥
1508,街安路
1509,静园东路
1510,鹃城西街
1511,鹃城东街
1512,景德二巷
1513,景德一巷
1514,荆湘路
1515,江西街四巷
1516,甲子东道
1517,锦城大道
1518,家园南街
1519,佳灵路
1520,锦绣大道
1521,佳宏路
1522,经四路
1523,交通巷
1524,锦江大道
1525,浆洗街
1526,金堂大道
1527,驾青路
1528,金彭西路
1529,金彭东路
1530,金彭中路
1531,九鼎大道
1532,金牛坝路
1533,九里堤北路
1534,九里堤中路
1535,金丰高架
1536,金龙街
1537,金亿路
1538,菁华路
1539,旌金公路
1540,金桂街
1541,街安路
1542,金沙街
1543,金江路
1544,接待寺立交桥
1545,籍太路
1546,教师街
1547,金凤街
1548,经开区南四路
1549,经开区南六路
1550,经开区南二路
1551,经开区南三路
1552,建材路
1553,金堂大道
1554,建设南一路
1555,建华南巷
1556,锦绣桥
1557,积步街
1558,均隆街
1559,锦苑巷
1560,锦里西路
1561,浆洗街
1562,锦里中路
1563,锦里东路
1564,九兴大道
1565,经华北路
1566,净居寺路
1567,静渝路
1568,经天三街
1569,景明路
1570,经天西路
1571,锦兴路
1572,锦官桥滨河路
1573,锦东路
1574,静康路
1575,菊乐路
1576,经天一街
1577,经天里
1578,经天中路
1579,建设南新路
1580,经天二街
1581,锦晖西二街
1582,静明路
1583,经天东路
1584,晋沙街
1585,家园路
1586,晋吉南路
1587,井巷子
1588,金家坝街
1589,竞成路
1590,净居寺南街
1591,净居寺西街
1592,机场专用路
1593,锦沙路
1594,锦晖东街
1595,金泉街
1596,较场坝中街
1597,较场坝东街
1598,较场坝东五街
1599,建设南二路
1600,建设南街
1601,建设南三路
1602,建设南路桥
1603,金雁路
1604,晋阳巷
1605,江天路
1606,家园南街
1607,晋吉东二街
1608,晋吉西三街
1609,金陵横路
1610,锦官驿街
1611,进厂路
1612,锦晖西一街
1613,吉顺街
1614,金盾路
1615,晋平街
1616,锦盛路
1617,均隆滨河路
1618,经华南路
1619,君平街
1620,家和街
1621,金桂路
1622,建设南支路
1623,建华北巷
1624,吉福北路
1625,劼人路
1626,静祥路
1627,江华路
1628,金马河路
1629,建祥路
1630,金科中路
1631,嘉泽路
1632,九里堤东路
1633,荆顺西街
1634,金丝街
1635,建院路
1636,均安路
1637,金履街
1638,九龙大道
1639,靖兴街
1640,敬成路
1641,金虎路
1642,金鹏路
1643,炬光路
1644,江陵路
1645,君跃路
1646,将军西街
1647,将军东街
1648,锦水河桥
1649,金石街
1650,酱盐街
1651,金亿路
1652,金度路
1653,锦水路
1654,军新路
1655,嘉裕街
1656,寂光街
1657,嘉荟街
1658,集萃街
1659,金收巷
1660,菁华路
1661,巨石大道
1662,巨石路
1663,菁华路（延线）
1664,金西路
1665,郊山路
1666,旌金公路
1667,菌源街
1668,金茂街
1669,金园街
1670,江北街
1671,金橘街
1672,金鹰路
1673,九清路
1674,金粮路
1675,街安路
1676,接待寺立交桥
1677,机场立交桥
1678,江家互通
1679,锦华路四段一街
1680,锦华路四段二街
1681,涧槽街
1682,金巷东街
1683,箭道横街
1684,箭北巷
1685,金巷正街
1686,金巷西街
1687,解元街
1688,纪元街
1689,锦蓉路
1690,吉市街
1691,机九路
1692,机投正街
1693,机投北顺街
1694,机投西街
1695,金瓦路
1696,金履路
1697,金兴南路
1698,晋阳路
1699,金兴北路
1700,金兴中路
1701,金花街
1702,九江一路
1703,蛟龙大道
1704,九川路
1705,金李路
1706,金川北路
1707,聚萃街
1708,金江北街
1709,金顺街
1710,聚龙路
1711,九金路
1712,晋康街
1713,九金街
1714,九环路
1715,金航街
1716,江安滨河南路
1717,聚荟街
1718,机投东街
1719,金花横街
1720,江凤东街
1721,吉福路
1722,金履四路
1723,金履三路
1724,晋吉北路
1725,金花堰桥
1726,晋吉西二街
1727,金航路
1728,籍太路
1729,煎茶溪下街
1730,煎茶溪上街
1731,佳苑路
1732,佳苑路横一街
1733,锦江路
1734,佳苑路横二街
1735,锦尚西二路
1736,锦城大道
1737,剑南大道
1738,锦尚东路
1739,交子大道
1740,锦悦西路
1741,交子北二路
1742,锦尚西一路
1743,交子南二路
1744,交子南一路
1745,锦尚西一街
1746,锦悦东路
1747,姐儿堰路
1748,吉华路
1749,吉庆一路
1750,吉泰四路
1751,吉辉路
1752,交子北一路
1753,聚宝沱桥
1754,佳美路
1755,经开区南一路
1756,健民巷
1757,菊园路
1758,经开区南二路
1759,建富巷
1760,金地路
1761,鲸龙路
1762,经开区南三路
1763,聚宝路
1764,经开区南六路
1765,经开区南四路
1766,经开区南五路
1767,酱园南街
1768,酱园街
1769,接龙街
1770,金银花街
1771,金山商业街
1772,佳茗巷
1773,金相路
1774,家钰路
1775,夹关大桥
1776,籍黄路
1777,金桂街
1778,金宝街
1779,军民街
1780,建华南路
1781,甲子东道
1782,晋康路
1783,甲子路
1784,敬贤街
1785,金红路街
1786,金红路
1787,金双路
1788,涧槽南街
1789,涧槽北街
1790,涧槽中街
1791,锦宁巷
1792,金怡巷
1793,江安街
1794,金平街
1795,金祥街
1796,金和街
1797,金安南街
1798,济兴街
1799,江安西四街
1800,江安西二街
1801,江安中路
1802,江安东一街
1803,江安河东路
1804,井福街
1805,江安河东路上段
1806,金桔巷
1807,景环路
1808,聚兴路
1809,金玉路
1810,江安河西滨河路
1811,景凤街
1812,金平巷
1813,金堰路
1814,江安东四街
1815,金龙街南段
1816,金彭西路
1817,金彭中路
1818,九江南路
1819,金光中路
1820,九江北路
1821,驾虹路
1822,金藤大道
1823,九鼎大道
1824,金凤下街
1825,金桂巷
1826,军屯东街
1827,军屯西街
1828,锦阳西路
1829,锦阳西南路
1830,九龙江路
1831,金青路
1832,交桂路
1833,交桂三巷
1834,交桂一巷
1835,交大路
1836,金沙北二路
1837,金琴路
1838,锦翠路
1839,金房苑南路
1840,金房苑东路
1841,焦家巷
1842,九里堤南支路
1843,金房苑北路
1844,金科北路
1845,金科东路
1846,金博北路
1847,金沙北一路
1848,荆顺路
1849,荆竹坝路
1850,荆竹西路
1851,金沙遗址路
1852,锦翠北路
1853,锦屏西街
1854,锦翠南路
1855,金房苑横街
1856,金房苑西路
1857,金鱼街
1858,九里堤南路
1859,九里堤中路
1860,建设北街
1861,锦屏路二巷
1862,锦屏路一巷
1863,金丰西路
1864,荆竹坝路西街
1865,荆竹东路
1866,荆竹中路
1867,金瑞路
1868,金沙横街
1869,锦屏南路
1870,金罗路
1871,金鑫大道
1872,荆翠西路
1873,荆翠南二街
1874,荆顺东街
1875,将军碑路
1876,荆翠东路
1877,荆翠中路
1878,金仙桥路
1879,建和路
1880,荆竹南街
1881,金泽路
1882,交桂二巷
1883,建设支巷
1884,酱园公所街
1885,金科西路
1886,九里堤西路
1887,金卉路
1888,鸡冠山路
1889,锦江街
1890,金鱼街
1891,鹃城东街
1892,驾青路
1893,金桔巷
1894,江安河东路
1895,金亮路
1896,军民街
1897,军屯东街
1898,交大路
1899,金牛坝路
1900,交大立交
1901,金琴路
1902,九龙大道
1903,金履街
1904,金光路
1905,将军东街
1906,君跃路
1907,金地路
1908,金川路
1909,金橘街
1910,集三路
1911,桔园路
1912,金鹰路
1913,金凤路
1914,金鹏路
1915,江北街
1916,旌金公路
1917,九高路
1918,科华南路
1919,科华中路
1920,科创路东段
1921,科创路西段
1922,科北路
1923,快活正街
1924,开金路
1925,科晶路
1926,科新南路
1927,科华北路
1928,科华中路
1929,科华北路
1930,可心大道
1931,空港一路
1932,科华南路
1933,科园一路
1934,科联街
1935,科华北路
1936,科华中路
1937,科园南路
1938,科园南一路
1939,科园南二路
1940,科园三路
1941,科园大道
1942,科园二路
1943,科华街
1944,科院街
1945,科园四路
1946,康庄中街
1947,康庄西街
1948,可心大道
1949,科林路
1950,科嘉路
1951,科华路
1952,昆华路
1953,昆山大道
1954,口岸路
1955,空港二路
1956,科华一路
1957,康复路上街
1958,康复路下街
1959,奎光西上街
1960,奎光东一街
1961,奎光东二街
1962,奎光西街
1963,奎光西下街
1964,奎光路
1965,康兮路
1966,康居巷
1967,凯旋西路
1968,匡家路
1969,康禧路
1970,科兴北路
1971,科兴南路
1972,奎星楼街
1973,康兮路
1974,奎光西下街
1975,奎光东三街
1976,开建路
1977,龙工南路
1978,龙腾东路
1979,龙腾西路
1980,龙腾中路
1981,龙兴大道
1982,龙门山路
1983,龙泉山路
1984,廖家正街
1985,廖兴北街
1986,廖兴西街
1987,两河路
1988,柳城大道
1989,柳浪湾街
1990,柳台大道
1991,来凤路
1992,柳河南路
1993,绿篱路
1994,劳模路
1995,柳金路
1996,燎原路
1997,柳浪湾二街
1998,柳浪湾北二街
1999,柳浪湾北三巷
2000,龙潭巷
2001,柳北二街
2002,柳北街
2003,绿园西路
2004,柳北一街
2005,烈士街
2006,柳浪湾北四巷
2007,柳南一路
2008,柳南三路
2009,柳南四路
2010,柳南五路
2011,柳南六路
2012,临江路南段
2013,乐大公路
2014,绿茵街二段
2015,绿茵街一段
2016,两河大道
2017,绿茵街四段
2018,蓝岸街一段
2019,蓝岸街二段
2020,绿茵街三段
2021,蓝岸街三段
2022,林泉南街
2023,两河新街
2024,林泉北街
2025,两河西三路
2026,隆正街
2027,柳街
2028,柳安街
2029,两友路
2030,龙安巷
2031,林芝路
2032,龙兴大道
2033,林荫街
2034,琉璃三街
2035,琉新路
2036,琉大路
2037,莲花新区南一巷
2038,绿岸桥
2039,琉璃路
2040,螺丝路
2041,柳金路
2042,莲花堰路
2043,拉法基大道
2044,龙青路
2045,临江街
2046,利民路北段
2047,利民路中段
2048,利民路南段
2049,龙马街
2050,老川藏路
2051,临港路
2052,罗汉路南一段
2053,麓山大道
2054,龙工南路
2055,龙平路
2056,落虹桥街
2057,隆兴街
2058,莲花新区南一巷
2059,莲桂南路
2060,蓝草路
2061,琉璃路
2062,琉璃三街
2063,莲桂西路
2064,莲花中路
2065,莲桂东路
2066,龙兴大道
2067,琉三路
2068,莲花西路
2069,龙王庙正街
2070,莲桂街
2071,龙华南巷
2072,林荫街
2073,龙华北路
2074,临江中路
2075,龙舟东巷
2076,龙腾西街
2077,莲花东路
2078,鹭岛路
2079,龙腾东路
2080,龙阳街
2081,丽都路
2082,龙门巷
2083,老马路
2084,琉新街
2085,莲花新区北一巷
2086,莲花新区北二巷
2087,龙腾西路
2088,龙腾中路
2089,龙欣路
2090,龙华南路
2091,琉璃二街
2092,琉璃一街
2093,龙华北巷
2094,帘官公所街
2095,林荫中街
2096,旅游村街
2097,临江西路
2098,龙舟南街
2099,柳翠路
2100,龙腾正街
2101,凉水井街
2102,领事馆路
2103,菱窠路
2104,螺丝路
2105,龙锦街
2106,龙舟路
2107,柳树南街
2108,菱窠东路
2109,灵雅路
2110,灵龙路
2111,陵川路
2112,楞伽庵街
2113,龙潭寺东路
2114,龙圣路
2115,龙青路
2116,隆兴路
2117,隆盛路
2118,临河街
2119,凌波西路
2120,龙虎大道
2121,龙胜街
2122,列维士路
2123,两河路
2124,柳城大道
2125,绿篱路
2126,螺蛳坝立交
2127,凉港路
2128,凉井二路
2129,凉港二路
2130,凉井一路
2131,凉港三路
2132,罗汉路南一段
2133,罗湾巷
2134,龙门南街
2135,龙门北街
2136,龙门中街
2137,留鹤路
2138,乐瑞街
2139,刘家濠东街
2140,刘家濠北街
2141,凌翔街
2142,六合街
2143,龙井西街
2144,龙井北街
2145,老簇马路
2146,龙井东街
2147,龙井中街
2148,龙井南街
2149,李渡路
2150,罗汉路
2151,龙锦路
2152,龙桥路北段
2153,老成仁路
2154,龙马大道
2155,麓山大道
2156,老华龙路
2157,梨花街
2158,罗家堰街
2159,老双中路
2160,柳荫街
2161,龙应路
2162,丽都街
2163,丽锦街
2164,琉大路
2165,琉新路
2166,利通路
2167,利民三街
2168,龙灯山路
2169,龙湾桥
2170,丽景路
2171,廉泉街
2172,菱角巷
2173,骆新街
2174,龙工南路
2175,灵池街
2176,柳荫路
2177,龙城大道
2178,龙安路
2179,凉水街
2180,龙平路
2181,燎原北路
2182,芦溪路
2183,龙江街
2184,临溪巷
2185,了翁路
2186,柳枝巷
2187,临济老街
2188,临济新街
2189,李龙街
2190,老南河桥
2191,兰田大道
2192,梨花大道
2193,联检路
2194,兰沟路
2195,燎集路
2196,灵宝街
2197,临康路
2198,老川藏路
2199,来龙路
2200,乐园后街
2201,岚牌街
2202,兰苑路
2203,龙普路
2204,老人桥街
2205,莲花堰路
2206,联盟南路
2207,联盟北路
2208,凉水井路
2209,廖家桥路
2210,丽春北路
2211,龙兴北街
2212,联升巷
2213,临湖路一段
2214,龙池旅游路
2215,龙池公路
2216,龙溪河桥
2217,龙池复建路
2218,龙池隧道
2219,拦厢街
2220,良风路
2221,拉法基大道
2222,隆裕街
2223,乐兴西街
2224,乐兴路
2225,柳河西路
2226,雷剑广场
2227,锣锅巷
2228,陆家大道
2229,老东城根街
2230,林巷子
2231,龙嘴路
2232,隆华路
2233,朗润路
2234,灵润路
2235,罗家碾街
2236,来凤路
2237,留鹤路
2238,林泉南街
2239,隆新路
2240,龙木路
2241,龙青路
2242,龙虎大道
2243,龙赵路
2244,马家花园路
2245,马超西路
2246,鸣阳大桥
2247,麻市街
2248,民飞路
2249,毛家桥街
2250,美墅街二段
2251,岷江二路
2252,美墅街一段
2253,美墅街三段
2254,木兰路
2255,民俗文化街
2256,岷江街
2257,檬柏路
2258,岷阳巷
2259,孟湾东道
2260,孟家巷
2261,牧华路
2262,茂生街
2263,马市坝街
2264,莓仙路
2265,磨子街
2266,墨香路
2267,磨房街
2268,美洲北路
2269,美洲南路
2270,牧电路
2271,马王庙街
2272,猛追湾街
2273,猛追湾东街
2274,美洲西路
2275,猛追湾滨河路
2276,明蜀路
2277,牡丹街
2278,猛追湾横街
2279,木兰街
2280,民兴东路
2281,马超东路
2282,马超西路
2283,马鞍路
2284,铭章路
2285,明天路
2286,弥牟下街
2287,弥牟中街
2288,牧山路
2289,牧华路
2290,毛桥巷
2291,明珠大桥
2292,木三路
2293,蒙桥路
2294,马新路
2295,莓仙路
2296,磨盘街
2297,庙山巷
2298,明江南路
2299,明江北路
2300,美满路
2301,磨子湾路
2302,马湖街
2303,棉花街
2304,牟礼大桥
2305,模范街
2306,梅花街下段
2307,梅花街上段
2308,民兴街
2309,牧华路二段
2310,孟湾东道
2311,梅碾街
2312,马市坝街
2313,茂生街
2314,民航三号路
2315,岷阳东巷
2316,檬梓街
2317,檬梓环街
2318,名人巷
2319,茂达街
2320,芒城路
2321,民阜街
2322,民疗路
2323,墓前路
2324,牡丹巷
2325,牡鹃巷
2326,牡丹北路
2327,闽东路
2328,马鞍南路
2329,马鞍东路
2330,鸣翠路
2331,磨底河沿街
2332,马家花园路
2333,马鞍北路
2334,民居路
2335,磨底河横街
2336,马鞍西路
2337,马镇街
2338,民飞路
2339,岷江四号桥
2340,闽东路
2341,马鞍东路
2342,木兰街
2343,民大路
2344,弥牟南街
2345,弥牟北街
2346,南北大道
2347,农平路
2348,娘娘岗隧道
2349,南熏大道
2350,南浦路
2351,南浦横街
2352,农业园横道二
2353,农业园横道一
2354,南海二路
2355,宁泰路
2356,南兴巷
2357,楠乌路
2358,南三环路五段
2359,南三环路四段
2360,南三环路三段
2361,南三环路二段
2362,南桥二路
2363,南三环路一段
2364,南滨路
2365,南宁街
2366,南西路
2367,南苑大道
2368,南苑北路
2369,南河大桥
2370,南桥二路
2371,南糠市街
2372,南沈路
2373,内姜街
2374,牛沙路
2375,牛沙横街
2376,牛市口路
2377,牛沙后街
2378,牛沙北路
2379,牛沙南路
2380,楠丰路
2381,南浦西路
2382,牛王庙巷
2383,南浦中路
2384,南纱帽街
2385,南府街
2386,年丰巷
2387,农居路
2388,南丰大道一巷
2389,诺特路
2390,南亭一巷
2391,南亭二巷
2392,南熏大道
2393,南寿街
2394,南海大道
2395,南苑中路
2396,南华北路
2397,南方路
2398,南堰街
2399,南宁街
2400,南环街
2401,南岳街
2402,南西路
2403,农贸巷
2404,南通路三段
2405,南苑北路
2406,南苑巷
2407,宁馨大道
2408,宁香路
2409,南河东街
2410,南安大道
2411,南平北路
2412,南平中路
2413,南平南路
2414,楠林路
2415,南丰大道
2416,南丰大道二巷
2417,宁夏街
2418,内曹家巷
2419,南丰大道三巷
2420,南薰巷
2421,南北大道
2422,宁馨大道
2423,宁德大道
2424,南桥街
2425,藕塘路
2426,藕塘新街
2427,藕塘街
2428,蒲阳路
2429,鹏程路
2430,培中路
2431,浦兴街
2432,蒲津街
2433,盆景街
2434,平和街
2435,蒲阳路
2436,郫花路
2437,盘龙新街
2438,彭白路
2439,蒲塘路
2440,蒲回路
2441,平阳北一段
2442,平阳北三街
2443,平阳北四街
2444,泡桐树街
2445,培华西路
2446,毗河东路
2447,普河路
2448,普利南街
2449,培风路
2450,平乐互通
2451,彭甘路
2452,培风路
2453,培风东街
2454,培风横街
2455,培风东路
2456,枇杷巷
2457,蒲东路
2458,平江北路
2459,彭傍路
2460,蒲阳大道
2461,蒲阳路
2462,普兴东街
2463,普兴西街
2464,平岗路
2465,潘家街三段
2466,潘家街二段
2467,潘家街四段
2468,蒲阳河南路上段
2469,蒲阳河南路
2470,平义二巷
2471,盘龙西街
2472,盘龙新街
2473,彭敖路
2474,蟠江路
2475,彭白路
2476,圃园北路
2477,圃园路
2478,平安正街
2479,圃园南二路
2480,培华东路
2481,圃园南一路
2482,圃园横街
2483,郫温路
2484,鹏程路
2485,郫花路
2486,彭郫路
2487,彭温路
2488,彭白路
2489,彭敖路
2490,彭什路
2491,蒲阳路
2492,蒲虹公路
2493,蒲张路复线
2494,蒲新路
2495,毗河路
2496,毗河桥
2497,普河路
2498,平安桥
2499,青羊大道
2500,青城路
2501,青跃路
2502,青城山路
2503,邛崃山路
2504,青衣江路
2505,阙黄路
2506,群辉街
2507,青凤街
2508,麒麟街
2509,泉兴西街
2510,泉兴东街
2511,清泉南街
2512,清江西路
2513,清源环街
2514,清淳二街
2515,清河一支路
2516,清水滨河路
2517,清泉北街
2518,清源北巷
2519,清淳三街
2520,清百西一路
2521,清淳一街
2522,清河二支路
2523,清百路
2524,青森街
2525,青峯桥
2526,清明街
2527,青韵街
2528,青云北街
2529,清马路
2530,清江三街
2531,清江二街
2532,曲池街
2533,曲锦路
2534,群益路
2535,青羊上街
2536,青羊大道
2537,清江东路
2538,清和里北段
2539,青华路
2540,青羊东二路七巷
2541,青羊东二路四巷
2542,汽贸产业大道
2543,青城山大道
2544,清江中路
2545,庆云西街
2546,青羊正街
2547,青莲上街
2548,企业中路
2549,青石桥南街
2550,清安街
2551,青羊大道
2552,青羊横街
2553,情融路
2554,七道堰街
2555,庆云南街
2556,群宁街
2557,群和街
2558,青华北二街
2559,青华北一街
2560,青羊大道清水河桥
2561,青石桥北街
2562,庆云北街
2563,七家巷
2564,青龙正街
2565,青石桥中街
2566,群益街
2567,汽贸产业大道
2568,清逸路
2569,群益路
2570,千祥街
2571,青狮路
2572,亲河路
2573,憩园街
2574,其昌路
2575,青江西路
2576,青江中路
2577,群筵街
2578,青华中路
2579,青江北路
2580,青江东路
2581,憩园路
2582,青华东路
2583,青江南路
2584,青江东路（附）
2585,青果街
2586,清河大桥
2587,栖谷东路
2588,栖谷北路
2589,清石街
2590,清江西路
2591,邛崃西互通
2592,骑士大道
2593,青啤大道
2594,七里路
2595,泉颐街
2596,千桐路
2597,泉湖路
2598,琼楼路
2599,七里商业街
2600,清影路
2601,泉上街
2602,千龙路
2603,清溪路一段
2604,庆西门街
2605,劝学路
2606,汽车城大道
2607,全兴路
2608,前卫街
2609,棋苑巷
2610,清江大道
2611,桥楼街
2612,群英桥
2613,邛陶路
2614,前兴街
2615,桥津下街
2616,瞿上城路
2617,千悦街
2618,全林街
2619,庆阳街
2620,清泰路
2621,渠山路
2622,青正街西段
2623,青农街
2624,青正街东段
2625,青霞路
2626,青雨路
2627,桥北街
2628,青城山大道
2629,齐心大道
2630,青白江北路
2631,清白江东路
2632,青纸路
2633,桥楼南路
2634,桥楼北路
2635,千喜街
2636,清溪东路
2637,青羊北路
2638,群康路
2639,泉水东路
2640,清溪西路
2641,泉水西路
2642,曲水路
2643,青西路
2644,青冈北路
2645,青羊东一路
2646,清江南街
2647,清江东路
2648,青羊东二路
2649,渠山路
2650,青城大桥
2651,青城路
2652,青龙街
2653,全兴路
2654,蓉北商贸大道
2655,蓉都大道
2656,人和支路
2657,人和西街
2658,仁爱路
2659,瑞联西路
2660,仁义街
2661,荣港路
2662,瑞联路
2663,人南立交桥
2664,瑞南街
2665,瑞升南街
2666,榕声路
2667,蓉北商贸大道
2668,瑞云街
2669,绕镇路
2670,绕城路
2671,燃灯寺北街
2672,瑞升南街
2673,染靛街
2674,燃灯寺西北街
2675,榕声路
2676,仁厚街
2677,燃灯寺东街
2678,如是庵街
2679,蓉都大道
2680,瑞龙街
2681,蓉北路
2682,荣柳路
2683,绕城大道南一段
2684,绕城大道东一段
2685,绕城大道
2686,瑞星路
2687,蓉台大道
2688,燃灯北路
2689,燃灯西路
2690,瑞南街
2691,瑞星路
2692,绕城路
2693,仁和南街
2694,荣华北路
2695,仁和东街
2696,燃灯寺路
2697,仁寿路街
2698,热电路
2699,仁和大桥
2700,瑞新街
2701,瑞通路
2702,仁何街
2703,人防路
2704,绕营路
2705,绕镇路
2706,燃灯路
2707,仁港路
2708,瑞龙路
2709,蓉北商贸大道
2710,瑞丰巷
2711,蓉北商贸大道二段
2712,润潼路
2713,绕城大道东一段
2714,如意大道
2715,三新路
2716,双星大道南二段
2717,双星大道南一段
2718,顺城大街
2719,蜀西路
2720,蜀汉路
2721,蜀龙大道中段
2722,蜀龙大道
2723,蜀龙大道北段
2724,十里大道
2725,蜀王大道北段
2726,双兴中街
2727,三峨街
2728,圣景路
2729,圣景路二段
2730,舜元路
2731,双兴北街
2732,双兴南街
2733,双怀路
2734,世平街
2735,石河路
2736,胜通街
2737,盛锦街
2738,盛丰街
2739,苏坡中路
2740,四威北路
2741,蜀辉路
2742,蜀西路
2743,顺源环街
2744,顺清街
2745,顺清南一巷
2746,蜀鑫路
2747,蜀清路
2748,四威南路
2749,蜀西南二路
2750,顺源东巷
2751,双金路
2752,双新南路
2753,蜀清支路
2754,蜀金路
2755,蜀西南一路
2756,蜀西南三路
2757,双新北路
2758,蜀鑫东路
2759,蜀鑫西一路
2760,顺源北巷
2761,顺源南一巷
2762,上安街
2763,申柳路
2764,顺广街
2765,盛港路
2766,顺春路
2767,三元正街
2768,顺宏路
2769,寿增路
2770,书南巷
2771,尚锦路
2772,双石路
2773,石亭路
2774,双柏东一街
2775,尚丰路
2776,双柏东二街
2777,S106-光明桥
2778,S106-朝阳大道
2779,S106-蒲塘路
2780,S106-梁江桥
2781,S106-宝林大桥
2782,S103-邓双互通式立交桥
2783,S107-武阳西路
2784,S103-望江路
2785,S103-岷江大道
2786,S103-南河大桥
2787,S107-武阳中路
2788,商业一街
2789,S107-武阳东路
2790,S103-兴化5路
2791,S103-迎宾大道
2792,S107-新津二号桥
2793,S107-新津一号桥
2794,S107-新津三号桥
2795,S103-大件南段
2796,S103-大件路
2797,S107-蔡湾立交中桥
2798,S106-工业大道二段
2799,S106-工业大道一段
2800,S106-川环路
2801,S106-金屏大道
2802,S106-西岭大道
2803,S107-成双大道
2804,S103-益新大道
2805,双桥子立交
2806,蜀都大道
2807,顺江路
2808,顺城大街
2809,双林路
2810,双桂路
2811,神仙树南路
2812,少城路
2813,十二桥路
2814,杀牛巷
2815,时蔬路
2816,沙堰东街
2817,诗歌大道
2818,暑袜南街
2819,暑袜中街
2820,水碾河南一街
2821,速中路
2822,思源桥
2823,上南大街
2824,双庆路
2825,双成二路
2826,石灵下街
2827,S106-干五里河大桥
2828,S106-味江河大桥
2829,S106-大三路
2830,S105-青白江大桥
2831,S106-青城山大道
2832,什彭路
2833,S105-天彭大道
2834,S106-关口大桥
2835,蜀汉路
2836,沙河源南路
2837,S105-南街
2838,S105-龙桥
2839,S101-同华大道
2840,S101-华金大道一段
2841,S101-华金大道四段
2842,S101-成南路
2843,S101-华金大道三段
2844,S101-观岭大道
2845,S101-北河三桥
2846,S101-旌金公路
2847,S105-裕民路
2848,S106-会元桥
2849,寿眉路
2850,司马大道
2851,商隆街
2852,三安路
2853,苏家正街
2854,双怀路
2855,双楠大道
2856,双华路一段
2857,蜀州中路
2858,蜀州北路
2859,蜀州南路
2860,双发巷
2861,双简路
2862,三槐树路
2863,双林路
2864,蜀汉街
2865,双林北支路
2866,陕西街
2867,四圣祠北街
2868,暑袜北一街
2869,蜀华街
2870,双林北支路
2871,上汪家拐街
2872,双林北横路
2873,双林中横路
2874,少陵东街
2875,少陵路
2876,水津街
2877,双楠街
2878,双丰中路
2879,双丰路
2880,双丰西路
2881,蜀汉东街
2882,水东门街
2883,双桥路南四街
2884,双桂路
2885,蜀都大道
2886,石桥东街
2887,丝管路
2888,双元街
2889,神仙树北路
2890,沙堰街
2891,双楠路
2892,顺城大街
2893,盛隆街
2894,三官堂街
2895,双桥路南二街
2896,双安东巷
2897,双安北巷
2898,蜀汉街
2899,书院南街
2900,书院东街
2901,胜利村
2902,上沙河铺街
2903,书香街
2904,实业街
2905,盛和一路
2906,盛和三路
2907,上池北街
2908,少陵横街
2909,顺和横街
2910,沙子堰中巷
2911,双华南路
2912,沈三路
2913,神仙树南路
2914,蜀绣西路
2915,双林南支路
2916,盛和二路
2917,水碾河南街
2918,水津桥
2919,上升街
2920,暑袜中街
2921,杉板桥南一路
2922,胜利桥街
2923,四圣祠南街
2924,十二北街
2925,丝竹路
2926,胜利新村
2927,十七街
2928,书院西街
2929,暑袜北二街
2930,双栅子街
2931,双成二路
2932,双福二路
2933,顺锦路
2934,蜀秀东路
2935,双桥路南四段
2936,双丰东路
2937,双楠路桥
2938,少陵路桥
2939,少陵横街桥
2940,神仙树西路
2941,柿子巷
2942,三多里
2943,上翔街
2944,三桂前街
2945,双园巷
2946,十二南街
2947,上池正街
2948,双安南巷
2949,杀牛巷
2950,水杉街
2951,十二中街
2952,暑袜南街
2953,胜天路
2954,社英路
2955,树德大街
2956,石灵下街
2957,石灵上街
2958,十洪路
2959,蜀王大道南段
2960,石灵中街
2961,驷马桥四路
2962,双耀一路
2963,生仙桥
2964,双清巷
2965,石人东路桥
2966,石马巷
2967,三友巷
2968,蜀龙大道
2969,蜀龙路
2970,市场北路
2971,山西路南段
2972,松泉街
2973,商贸大道
2974,三元大道
2975,三邑路
2976,蜀绣商业街
2977,双喜路
2978,三河大道
2979,蜀龙大道中段
2980,圣谕亭巷
2981,三倒拐
2982,三河东街
2983,陕西巷
2984,陕西一巷
2985,顺运路
2986,蜀龙大道北段
2987,水巷子街
2988,升庵西路
2989,升庵中路
2990,石坝街
2991,三家巷
2992,蜀乐街
2993,石家碾西路
2994,石家碾东路
2995,石家碾中路
2996,石家碾东路（附）
2997,上北街
2998,圣灯街
2999,顺安街
3000,什新路
3001,三界西街
3002,苏坡立交
3003,苏坡西路
3004,苏坡东路
3005,蜀西路
3006,S8-平乐互通
3007,桑园互通
3008,S8-桑园互通
3009,S8-成温邛高速公路
3010,S6-机场高速公路
3011,狮子桥立交桥
3012,S9-成灌高速公路
3013,石家立交桥
3014,S1-成彭高速公路
3015,S1-成绵（复线）高速公路
3016,三河场立交
3017,三圣街
3018,圣贤街
3019,顺河上街
3020,三线沟路
3021,蜀星路
3022,三强北路二段
3023,双华场一街
3024,双楠大道
3025,双华场二街
3026,顺畅路
3027,上潘家坝街
3028,桑林街
3029,三元街
3030,蜀南街
3031,双凤街
3032,顺利路
3033,尚石路
3034,双新路
3035,沙堰西二街
3036,商都路
3037,沙堰西一街
3038,水口路
3039,双黄大道
3040,双巷路
3041,双星大道南一段
3042,时代奥特莱斯路
3043,双凤园区南街
3044,赛林路
3045,双星大道南二段
3046,双简路
3047,石经寺互通
3048,世纪城路
3049,升华路
3050,沙发城街
3051,石灰市街
3052,盛治街
3053,盛邦街
3054,盛华北路
3055,三色路
3056,双化街
3057,盛安街
3058,盛兴街
3059,世纪城南路
3060,四河路
3061,双龙桥
3062,时蔬路
3063,四维街
3064,树德街
3065,赏菊路
3066,商业前街
3067,商业后街
3068,桫椤路
3069,桫椤路中段
3070,石象街
3071,善新巷
3072,商业一街
3073,商业三街
3074,商业二街
3075,神庙街
3076,水口正街
3077,商业街下段
3078,商业街上段
3079,盛和街
3080,双升街
3081,四季街
3082,顺江路
3083,帅公馆街
3084,三叶街
3085,双兰路
3086,石桥街北段
3087,石桥街南段
3088,顺西街
3089,苏家正街
3090,生力路
3091,三桂街
3092,蜀龙街
3093,三强东路
3094,三强北路
3095,双永路
3096,四线沟路
3097,三强南路
3098,三强西路
3099,双龙巷
3100,绍兴街
3101,尚华路
3102,双林上街
3103,双林中街
3104,顺园街
3105,书苑路
3106,双凤路
3107,双钟路
3108,石灰街
3109,梳妆街
3110,商娱街
3111,祟义镇上街
3112,祟义镇下街
3113,森禾路
3114,蜀香路
3115,蜀风路
3116,蜀源路
3117,蜀韵路
3118,蜀汉中街
3119,水乡街
3120,蜀汉南街
3121,顺堰下街
3122,顺堰上街
3123,尚水街
3124,三官桥下街
3125,石油街
3126,三官桥街
3127,善政路
3128,十土路
3129,申家巷
3130,伤古街
3131,四通北街
3132,四通南街
3133,四通西街
3134,四通东街
3135,尚阳大道
3136,上善西路
3137,上善东路
3138,上善南路
3139,上善北路
3140,双林路
3141,双槐路
3142,S106
3143,水仙路
3144,赛云台北路
3145,升仙湖北路
3146,蜀明东路
3147,沙湾东二路
3148,沙湾东一路
3149,蜀营街
3150,石人北路
3151,双清中路
3152,石人西路
3153,双顺路
3154,石人正街
3155,石人西街
3156,石人南街
3157,双顺南路
3158,暑前街
3159,双兴街
3160,沙河源西路
3161,赛云台东二路
3162,蜀跃路
3163,蜀通西街
3164,双锦路
3165,四道街
3166,树蓓街
3167,树蓓巷
3168,双建路
3169,蜀陵路
3170,上同仁路
3171,蜀祖路
3172,升仙湖南路
3173,双沙东路
3174,双沙路
3175,沙河源南路
3176,双清北路
3177,蜀兴北街
3178,三道街
3179,蜀兴西街
3180,水武街
3181,蜀明西路
3182,蜀明西巷
3183,蜀明路
3184,蜀光路
3185,圣灯路
3186,蜀明东巷
3187,赛云台南路
3188,赛云台东一路
3189,蜀跃西路
3190,沙河源东路
3191,双水碾街
3192,蜀蓉路
3193,蜀兴南街
3194,赛云台西一路
3195,双建南巷
3196,顺沙巷
3197,蜀汉路
3198,三洞桥路
3199,双荆路
3200,盛发街
3201,盛兴路
3202,盛金路
3203,双瑞一路
3204,双耀二路
3205,蜀跃东路
3206,蜀西街
3207,蜀通街
3208,蜀兴东街
3209,双吉街
3210,石人南路
3211,双清南路
3212,沙洲街
3213,赛云台西二路
3214,双建北巷
3215,蜀西环街
3216,石人东路
3217,蜀兴中街
3218,双瑞二路
3219,尚石路
3220,三渡水大桥
3221,诗香路
3222,释迦桥下街
3223,释迦桥上街
3224,尚华路
3225,沙西线
3226,尚丰路
3227,三羊大道
3228,上兴街
3229,水乡路
3230,什彭路
3231,双荆路
3232,双水碾街
3233,蜀汉路
3234,驷马桥路
3235,石油路
3236,驷马桥街
3237,顺城大街
3238,石灰街
3239,驷马桥
3240,蜀龙路
3241,圣谕亭巷
3242,三西路
3243,食品大道
3244,圣灯街
3245,十里大道
3246,什新路
3247,通祠路
3248,体育场路
3249,天府中路
3250,天府东路
3251,同和路
3252,沱江路
3253,天平桥
3254,太丛路
3255,同德街
3256,同发街
3257,同达路
3258,同达街
3259,天和街
3260,同策路
3261,唐安路
3262,天民路
3263,通平正街
3264,天胜路
3265,天裕路
3266,天府西路
3267,太极街
3268,踏水桥南路
3269,踏水桥北路
3270,天府东路
3271,太极立交桥
3272,天府街中段
3273,潼新路
3274,同兴东路
3275,天宝中街
3276,同兴西路
3277,天乡后街
3278,泰康东路
3279,团结渠路
3280,天宝西街
3281,天府街西段
3282,天朗路
3283,同诚路
3284,腾飞大道
3285,天成寺路
3286,天龙路
3287,通柳街
3288,团结正街
3289,通柳中街
3290,通柳北街
3291,田坝东街
3292,通柳南街
3293,天勤路
3294,天健路
3295,泰山一巷
3296,泰山三巷
3297,泰山大道
3298,通港路
3299,天盛路
3300,天源路
3301,天映路
3302,天勤西街
3303,天勤东街
3304,天府大道
3305,天仙桥滨河路
3306,通源街西
3307,天府南路
3308,天府东路
3309,太阳岛路
3310,天星街
3311,同心大道
3312,同旺路
3313,天宝街
3314,棠中路
3315,棠湖南路
3316,唐安西路
3317,唐兴东街
3318,通祠路
3319,提督街
3320,天仙桥南路
3321,太平园西路
3322,体院路
3323,太升南路
3324,天涯石北街
3325,太平园西路一段
3326,桐梓林路
3327,天晖北街
3328,天晖路
3329,天晖中街
3330,天晖南街
3331,天仁南街
3332,天顺北街
3333,桐梓林东路
3334,桐梓林南路
3335,镋钯街
3336,太平寺西路
3337,天长路
3338,天环街
3339,天久北巷
3340,天顺南街
3341,天乐街
3342,天仙桥北路
3343,跳蹬河北路
3344,塘坎街
3345,太平寺路
3346,天仁北一街
3347,天和西三街
3348,天和西二街
3349,天仁路
3350,天仁北二街
3351,天和东街
3352,桐梓林中路
3353,天益街
3354,天祥街
3355,童子街
3356,泰和二街
3357,天祥滨河路
3358,太平横街
3359,太平寺东路
3360,桐梓林北路
3361,桐叶路
3362,天久南巷
3363,泰和一街
3364,天顺路
3365,天久北街
3366,天顺中街
3367,天久街
3368,天久南街
3369,天韵路
3370,天益南巷
3371,太平南新街
3372,天益北巷
3373,天涯石东街
3374,太平园东四街
3375,太平园东五街
3376,太平园横街
3377,太平园东三街
3378,太平园中六路
3379,太平园东二路
3380,通宝街东
3381,通宝街西
3382,太平园横一街
3383,太平园横二街
3384,桐凤路
3385,通源街东
3386,桐喜街
3387,太平园路
3388,天涯石南街
3389,天涯石西街
3390,通惠门路
3391,天清路
3392,跳蹬河南路
3393,头福街
3394,铜丝街
3395,通顺桥街
3396,桃华街
3397,桃洪路
3398,桐麻桥
3399,天裕街
3400,天回下街
3401,天龙桥街
3402,天回海滨桥
3403,通江横街
3404,天柏路
3405,天班路
3406,土地街
3407,天回上街
3408,天龙桥西街
3409,天海路
3410,天缘路
3411,天香西路
3412,同仁堂路
3413,泰南街
3414,泰兴街
3415,天星街
3416,同心北路
3417,同心中路
3418,同心南路
3419,屯军街
3420,同济大道
3421,同心大道
3422,同旺路
3423,同福东路
3424,泰吉街
3425,泰吉横街
3426,天灯街
3427,踏水桥北路
3428,天乡路二段
3429,天辰路
3430,土龙路
3431,太极立交桥
3432,腾飞七路
3433,腾飞六路
3434,通关路
3435,棠湖北路
3436,腾飞八路
3437,腾飞九路
3438,腾飞十路
3439,腾飞十一路
3440,腾飞十二路
3441,通达东路二段
3442,天竺下街
3443,体育场西路
3444,体育场东路
3445,通这东路一段
3446,唐兴西街
3447,唐安西路
3448,唐安东路
3449,唐安西路北二巷
3450,唐安路北四巷
3451,唐兴中街
3452,天庆南街
3453,天庆北街
3454,唐兴东街
3455,铁佛工业区二路
3456,铁佛工业区一路
3457,统力大道
3458,铁佛工业区三路
3459,土龙路
3460,铁佛路
3461,铁佛东路
3462,铁佛西路
3463,天府大道
3464,天府一街
3465,天府二街
3466,天府四街
3467,天华一路
3468,天化街
3469,通济桥街
3470,天华二路
3471,天府三街
3472,通济巷
3473,通济桥下街
3474,天鹅西湖南路
3475,天生路
3476,铜江中路
3477,铜江南路
3478,天茂路
3479,天井路
3480,铜江北路
3481,潭河街
3482,天庆街
3483,土塘路
3484,塔子街
3485,太升巷上段
3486,太升东街
3487,太升西街
3488,铁溪桥街
3489,天祥巷
3490,天兴大道
3491,太中东街
3492,太升巷下段
3493,太康东路
3494,太康西路
3495,通达东路三段
3496,天福街
3497,通达东路五段
3498,通敬路
3499,通胜街
3500,听江街
3501,通河街
3502,棠湖南路
3503,塔桥路
3504,棠湖西路
3505,棠湖东路
3506,棠中路
3507,腾飞一路
3508,腾飞三路
3509,腾飞四路
3510,腾飞五路
3511,天全路
3512,桃花新路
3513,踏景路
3514,桃花新居横街
3515,天香街
3516,唐太路
3517,天乙街
3518,太东巷
3519,泰和巷
3520,通锦路
3521,唐宝路
3522,体育场东街
3523,泰安北路
3524,天府南路
3525,天府中路
3526,体育场西街
3527,太平路北街
3528,泰兴大道
3529,太白街
3530,天林路
3531,太阳岛路
3532,桐麻坎街
3533,泰宏街
3534,桃蹊路
3535,泰宏路
3536,太升北路
3537,铁箍井街
3538,踏水桥北街
3539,通锦桥路
3540,同怡横街
3541,同怡路
3542,同济街
3543,同兴南街
3544,同悦路
3545,同善桥南街
3546,同善横街
3547,同友路
3548,同善街
3549,筒车巷
3550,踏水桥西街
3551,桃林街
3552,同善桥东街
3553,太升桥
3554,天成街
3555,同育街
3556,天民路
3557,天乡路二段
3558,天乡路一段
3559,天府西路
3560,潼新路
3561,团结渠路
3562,天勤路
3563,天宇路
3564,天健路
3565,唐玉路
3566,唐太路
3567,泰兴大道
3568,天班路
3569,天柏路
3570,同仁堂路
3571,泰龙路
3572,唐军路
3573,五津西路
3574,五津东路
3575,五津北路
3576,武侯大道
3577,武兴路
3578,武科东四路
3579,武阳大道
3580,文翁路
3581,武侯祠大街
3582,万科路
3583,万科北街
3584,万科南街
3585,万养路
3586,文锦路
3587,五洞桥路
3588,五一支路
3589,文武路
3590,万春东路
3591,文府苑路
3592,万春大道
3593,维新路
3594,维新中街
3595,温郫大道
3596,五福路
3597,围城南路
3598,文家大道
3599,文兴西路
3600,文兴南路
3601,文兴东路
3602,文兴北路
3603,文乐三路
3604,文乐二路
3605,五洲路
3606,乌龙沟街
3607,望丛中路
3608,王府商业街
3609,望学巷
3610,五星街
3611,五龙东路
3612,武侯大道
3613,武阳大道
3614,文盛路
3615,万年场横街
3616,文博路
3617,维舟路
3618,文翁路
3619,五桂桥北路
3620,万象路
3621,渭水大道
3622,文南路
3623,吴店街
3624,湾河西街
3625,物化西路
3626,武侯大道
3627,武兴路
3628,文庙后街
3629,文庙前街
3630,武侯祠大街
3631,望仙场街
3632,望平滨河路
3633,望福街
3634,维信街
3635,五桂路
3636,武成大街
3637,五桂桥
3638,文庙前街
3639,望仙桥
3640,武阳大道
3641,文翁路
3642,王家坝街
3643,五桂桥北路
3644,武侯祠大街
3645,文庙后街
3646,卧龙巷
3647,武侯祠横街
3648,五通桥
3649,围机路
3650,万象北路
3651,文昌四路
3652,万兴街
3653,武成门桥
3654,五冶路
3655,无名巷
3656,武侯祠东街
3657,五福桥
3658,五世同堂街
3659,五桂北路
3660,五星中路
3661,五块石西路
3662,文卫街三巷
3663,文化二街
3664,文化街一巷
3665,文化横街
3666,文卫街二巷
3667,文卫街一巷
3668,万源大道
3669,万新路
3670,五公路
3671,渭水大道
3672,万石路
3673,瓦店路
3674,五桂立交
3675,五龙山路
3676,文家二巷
3677,文昌中街
3678,威凤北巷
3679,万吉巷
3680,物流大道东段
3681,温泉大道
3682,王泗立交桥
3683,文家场立交
3684,五洞桥北街
3685,五洞桥北街二段
3686,围城北路东段
3687,围城北路中段
3688,围城北路西段
3689,五福街
3690,五斗街
3691,晚晴街
3692,物化西路
3693,物华东路
3694,温泉大道
3695,万年街
3696,万盛路
3697,望锦东街
3698,望锦横街
3699,望锦路
3700,望锦中街
3701,望锦西街
3702,万家东干道
3703,万柳路
3704,武侯大道
3705,万安正街
3706,武青东三路
3707,武科东三路
3708,武科东二路
3709,武兴二路
3710,武青南路
3711,武兴三路
3712,武兴街
3713,武科东四路
3714,王何大道
3715,武科东一路
3716,武青西一路
3717,武青西三路
3718,武青西二路
3719,武青北路
3720,武青东二路
3721,武青东四路
3722,武青东五路
3723,武兴一路
3724,万九路
3725,武科西二路
3726,万华街
3727,武青东一路
3728,武科西三路
3729,武科西四路
3730,武兴四路
3731,乌江路
3732,万白路
3733,万寿三路
3734,万寿桥路
3735,万寿桥南路
3736,万培蔡路
3737,武兴五路
3738,武科西一路
3739,武青西四路
3740,万寿一路
3741,万寿四路
3742,武科东五路
3743,万象南路
3744,文昌东路
3745,文明巷
3746,文景街
3747,卧龙街
3748,蔚蓝路
3749,文明西街
3750,文明东街
3751,望福路
3752,围城西路
3753,围镇路
3754,文君街
3755,王府井街
3756,文水路
3757,文虹路
3758,武阳南路
3759,五津东路
3760,五津南路
3761,五津北路
3762,五津西路
3763,文井街
3764,文井西街
3765,文井西巷
3766,吴店街
3767,万和街
3768,王家场下街
3769,王家场上街
3770,湾河西街
3771,湾河东街
3772,维新街
3773,湾河街
3774,维新东街
3775,温泉南街
3776,五龙东路
3777,武童路
3778,围城南路中段
3779,围城南路西段
3780,围城南路东段
3781,文锦街
3782,王黄路
3783,望平街
3784,吴家坝南街
3785,文星大道
3786,文星正街
3787,吴家坝北街
3788,文昌西路
3789,五洞桥南路
3790,吴家坝中街
3791,望东路
3792,万寿西街
3793,五桂桥街
3794,五龙村道
3795,文荟路
3796,万家北街东段
3797,万护路
3798,问道东路
3799,问道西路
3800,文斌路
3801,万年中街
3802,万年东街
3803,王贾大道
3804,王贾路
3805,五块石路
3806,五里墩支路
3807,五里墩中街
3808,文德路
3809,文家巷
3810,万担仓路
3811,文殊院巷
3812,外曹家巷
3813,王家塘街
3814,五丁路
3815,王家塘巷
3816,五里墩横街
3817,文家后巷
3818,五里墩东路
3819,文德巷
3820,五里墩路
3821,王贾西街
3822,五福桥东路
3823,五丁街
3824,五岳宫街
3825,文殊院街
3826,旺泉街
3827,维新路
3828,万福街
3829,望丛西路
3830,望丛中路
3831,望丛东路
3832,文斌路
3833,王贾路
3834,旺泉街
3835,物流大道
3836,物流大道东段
3837,星光东路
3838,西御街
3839,洗面桥街
3840,新光华街
3841,新南路
3842,新都大道
3843,西拱路
3844,小凤街
3845,兴荣路
3846,兴裕街
3847,西凤街
3848,学府北路
3849,行署路
3850,新航路
3851,新文路
3852,新力路
3853,兴业南街
3854,新创街
3855,兴科中路
3856,西区大道
3857,犀池东四巷
3858,兴业步行街
3859,兴盛西路
3860,西源大道
3861,兴科路
3862,兴科北路
3863,兴科南路
3864,兴德街
3865,犀池六街
3866,徐独路
3867,犀池四街
3868,犀池三街
3869,犀池二街
3870,新蒲路
3871,西航港大道
3872,西岭大道
3873,鞋都南三路
3874,小天竺街
3875,西御街
3876,下正街
3877,西龙须巷
3878,新诗小径
3879,校南路
3880,犀湖街
3881,乡农市街
3882,西安北路三巷
3883,洗面桥街
3884,下南大街
3885,幸福路西段
3886,行知路
3887,西河大道
3888,香樟大道
3889,X057-桂竹路
3890,XN06-万安街
3891,XN17-玉沿路
3892,XA13-老彭郫路
3893,绣城南路
3894,西河东路
3895,西北桥东街
3896,新华大道
3897,新犀路
3898,XA37-新崇路
3899,新力路
3900,XA53-广金路
3901,西成路
3902,新蒲路
3903,XA05-寿高路
3904,X073-沙坝正街
3905,XN23-北街
3906,XN23-道火路
3907,XN50-籍黄路
3908,X062-华彭路
3909,XN25-土平路
3910,XN31
3911,XN22
3912,XN3951-新普路
3913,新普路
3914,XA27-大黄路
3915,XA2751-宝峰路
3916,XN21-邛水路
3917,西郊路上段
3918,西郊路下段
3919,XN38-安出路
3920,XN34
3921,XN31-新唐场大桥
3922,XN22-东街
3923,XN22-兴义街
3924,XA075-大新路
3925,兴园6路
3926,XA091-三新路
3927,XA3851-希望路
3928,XA3851-新沙路
3929,XN4051-花普路
3930,西航港大道
3931,XN37-大双路
3932,XA26
3933,XN33-晋新路
3934,显明顺业路
3935,XN32
3936,XA120-双怀路
3937,X308-三安路
3938,X418-听崇路
3939,X309-三新路
3940,XA28-温黄路
3941,XA120-交通路
3942,西安路四段
3943,XN30
3944,X326-街安路
3945,向荣路
3946,X418-唐兴东街
3947,X418-唐兴西街
3948,X418-唐兴中街
3949,X058-金乐路
3950,新华大道
3951,下同仁路
3952,新鸿南二巷
3953,新鸿南路
3954,小龙桥路
3955,小科甲巷
3956,学苑巷
3957,兴蓉北街
3958,小天南街
3959,兴蓉街
3960,肖家河北街
3961,肖家河中街
3962,肖家河巷
3963,肖家河环一巷
3964,肖家河西二巷
3965,肖家河沿街
3966,小天中街
3967,小天西街
3968,兴蓉南街
3969,新园南二路
3970,下南大街
3971,新园南一路
3972,校东路
3973,肖家河环三巷
3974,肖家河环二巷
3975,肖家河西一巷
3976,小天西巷
3977,新义东街
3978,新园南三路
3979,新鸿南一巷
3980,洗面桥东二街
3981,新乐南街
3982,新园南四路
3983,小天竺街
3984,肖家河东四巷
3985,兴蓉东街
3986,新雅横街
3987,新雅中街
3988,新雅正街
3989,新义西街
3990,新乐北巷
3991,新乐中街
3992,香巷子
3993,肖家河街
3994,肖家河东二巷
3995,肖家河东三巷
3996,下莲池街
3997,小天北街
3998,西安南路
3999,惜字宫南街
4000,西安中路一巷
4001,下汪家拐街
4002,肖家河沿巷
4003,洗面桥街
4004,祥和里
4005,新乐北街
4006,斜阳路
4007,星耀路
4008,洗瓦堰路
4009,西御河沿街
4010,小天东街
4011,新光路
4012,新希望路
4013,兴安桥
4014,新九眼桥
4015,新雅东街
4016,秀川路
4017,肖家河东一巷
4018,新光华街
4019,西胜街
4020,西沟头巷
4021,洗面桥东一街
4022,洗面桥横街
4023,西丁字街
4024,洗面桥巷
4025,新桂村四五街
4026,兴蓉路
4027,新鸿北支路
4028,星狮路
4029,兴蓉西巷
4030,西门子路
4031,新桂巷
4032,下沙河铺街
4033,喜树街
4034,西江西路
4035,西河大道
4036,西江东路
4037,西府南街
4038,星辉东滨河路
4039,西安北路三巷
4040,欣然二街
4041,西林巷
4042,肖家村三巷
4043,信息园西路
4044,西安北路二巷
4045,下涧漕路
4046,新木路
4047,新龙石路
4048,现代大道
4049,喜安街
4050,兴川路
4051,新犀路
4052,喜安西街
4053,晓初滨河路
4054,先驱大道
4055,兴顺东路
4056,XN14-竹韵大道
4057,兴城大道
4058,新都工业大道东段
4059,香城北路
4060,新泰西路
4061,新加坡商业街
4062,学院路西段
4063,新都大道
4064,新都工业大道西段
4065,新都绿道
4066,新园路四巷
4067,新园路三巷
4068,新园路二巷
4069,新园路一巷
4070,学院路东段
4071,兴乐北路
4072,兴乐南路
4073,新工大道
4074,香城大道
4075,向海路
4076,下石桥街
4077,新泰东路
4078,祥福中街
4079,祥福南街
4080,祥福西街
4081,祥福北街
4082,祥福东街
4083,新九路
4084,新河西街
4085,新河东街
4086,新崇路
4087,新冠大道
4088,XA21
4089,夏家巷
4090,香都大道
4091,馨苑巷
4092,X051-同福路
4093,下横街
4094,秀阳街
4095,幸福横路
4096,XN13-利清路
4097,XN13-清渔街
4098,西芯大道
4099,新川路
4100,新文路
4101,犀浦镇立交桥
4102,新鸿路
4103,星空路
4104,斜源街
4105,西濠沟街北段
4106,西门巷
4107,下潘家坝街
4108,西岭大道
4109,X326-街安路
4110,西桥路
4111,西前街
4112,西江桥
4113,兴体街
4114,新苗西街
4115,鞋都南二路
4116,新苗街
4117,新红阳路
4118,鑫绿路
4119,鞋都南三路
4120,鞋都南路
4121,新苗东街
4122,馨园路
4123,西岭路
4124,鞋都南一路
4125,鞋都南四路
4126,新智一路
4127,鞋都北三路
4128,星桃街
4129,新大中路
4130,兴隆正街
4131,新码头南街
4132,新码头东街
4133,新码头北街
4134,新万路
4135,西驸街
4136,熊家桥路
4137,新希望大道
4138,协和上街
4139,西航港新街
4140,新民西街
4141,新园大道
4142,西航港正街
4143,星灿路
4144,新民东街
4145,新成仁路
4146,协和下街
4147,星光西路
4148,兴源下街
4149,星光中路
4150,兴源中街
4151,兴业大道
4152,兴源上街
4153,新兴镇正街
4154,新富街
4155,幸福路西段
4156,新驿北街
4157,新驿南街
4158,旭东街
4159,兴茂东街
4160,星光东路
4161,香槟路
4162,香榭休闲街
4163,兴虹街
4164,西南街
4165,西影街
4166,辛街
4167,寻古街
4168,XA05-寿高路
4169,祥瑞街
4170,兴旺街
4171,兴欣街
4172,西较场口
4173,新牌坊街
4174,新果街
4175,炫夜街
4176,西仓街
4177,兴化6路
4178,徐家渡桥
4179,兴化4路
4180,兴化2路
4181,兴化7路
4182,兴化8路
4183,兴化11路
4184,兴化9路
4185,兴化10路
4186,新普路
4187,硝矿东街
4188,硝矿北街
4189,硝矿南街
4190,西郊路上段
4191,兴福街
4192,兴园8路
4193,兴园6路
4194,希望西路
4195,兴园9路
4196,兴园7路
4197,兴园2路
4198,兴园5路
4199,歇马店街
4200,歇马店北街
4201,兴园3路
4202,希望东路
4203,兴园10路
4204,兴园11路
4205,XN48-华板路
4206,学源路
4207,西航港大道
4208,歇马街
4209,西濠沟街南段
4210,兴业四路
4211,兴业五路
4212,兴业六路
4213,兴业七路
4214,兴业八路
4215,显明顺业路
4216,兴业三路
4217,新欣街
4218,新楠路
4219,新安七社路
4220,新康街
4221,学府西路西一街
4222,兴业二街
4223,幸福路北一段
4224,犀方路
4225,兴业北街
4226,犀湖街
4227,犀安路
4228,香花街
4229,XN20-青城山路
4230,徐兴路
4231,星河二街
4232,星火一街
4233,新发南路
4234,胥家上街
4235,新发北路
4236,翔凤路
4237,翔和路
4238,校前路
4239,胥家下街
4240,祥瑞路
4241,兴贤路
4242,星兴大道
4243,新余路
4244,绣城北路
4245,西北市街
4246,香溢街
4247,西海南街
4248,显圣街
4249,西南市街
4250,新民东一巷
4251,新一路
4252,新康西路
4253,新余街
4254,新余北街
4255,许家巷
4256,星火巷
4257,西河东路
4258,西海东街
4259,协合大道
4260,绣城南路
4261,香榭丽舍
4262,香雪海路
4263,祥龙路
4264,香樟街
4265,兴堰路
4266,兴府街
4267,厦门桥
4268,星辰西一街
4269,星辰一巷
4270,星辰西二街
4271,星月东街
4272,小市巷
4273,星河街
4274,秀苑桥
4275,秀苑东路
4276,星辉西路
4277,西马道街
4278,秀苑路
4279,兴禅寺街
4280,新荷路
4281,星辰东二街
4282,西安北路
4283,新风巷
4284,小关庙后街
4285,西府北街
4286,小通巷
4287,星月西街
4288,星科北街
4289,星汉路
4290,星科路
4291,星辰东一街
4292,西体路
4293,西体北路
4294,乡农市街
4295,肖家村二巷
4296,香木林路
4297,西北桥河边街
4298,西北桥东街
4299,信息园东路
4300,星辰二巷
4301,小关庙街
4302,西屠场街
4303,新村河边街
4304,兴丰路
4305,兴盛东路
4306,西大街西二段
4307,西青路
4308,西北桥北街
4309,西林四街
4310,西林二街
4311,星汉北路
4312,西林三街
4313,西林一街
4314,西珠市街
4315,星辉东路
4316,西二道街
4317,星辉桥
4318,欣然一街
4319,西马棚街
4320,肖家村四巷
4321,新开寺街
4322,星辉中路
4323,兴顺路
4324,新怡路
4325,星辉西滨河路
4326,XA26-怀西北路
4327,XA26-怀西南路
4328,西河大桥
4329,XA28-南熏大道
4330,XN06-温玉路
4331,XN18
4332,XN17-玉沿路
4333,XN06-万安街
4334,XA1231-彭温路
4335,西源大道
4336,西区大道
4337,XA37-靖源上街
4338,犀团路
4339,犀安路
4340,XA37-靖源下街
4341,XA37
4342,XA37-学院街
4343,XA18
4344,XN20-青城山路
4345,下兴街
4346,XN100-唐太路
4347,XA13-彭郫路
4348,XA13-新彭郫路
4349,XA13-老彭郫路
4350,XA22-北灌路
4351,XA22
4352,XA22-石龙下街
4353,XN13
4354,XA23-蒲张路
4355,XA22-学府路
4356,小夫路
4357,西玉龙街
4358,西月城街
4359,秀苑东路
4360,熊猫大道
4361,XA04-龙赵路
4362,XA04-同兴下街
4363,XA04-同兴街
4364,X400-石木路
4365,新龙石路
4366,XA02-东风街
4367,XA02
4368,XA02-环城路
4369,XA14-大石路
4370,XA01-成环路
4371,X055-三金路
4372,XA19
4373,XN14-竹韵大道
4374,XN14
4375,新犀路
4376,XA19-天新路
4377,XA37-新崇路
4378,XA37-竹园大道
4379,新义街
4380,新都大道
4381,新石路
4382,XA04-泰北街
4383,新新路
4384,X070-宝光大道北段
4385,XA31
4386,兴乐北路
4387,新工大道
4388,XN46-兴石路
4389,新九路
4390,XN15-新新路
4391,XA01-新新路
4392,新崇路
4393,XA21
4394,香都大道
4395,XA21-深水街
4396,幸福横路
4397,XA53-广金路
4398,一杆旗南街
4399,永康路
4400,驿都中路
4401,益州大道
4402,御凤二路
4403,雅砻江路
4404,云顶山路
4405,月季街
4406,御凤一路
4407,育成街
4408,阳光南路
4409,岳家沟隧道
4410,涌泉横街
4411,杨柳东路
4412,Y010-府通路
4413,Y010-府兴路
4414,云凤路
4415,永宁正街
4416,鱼凫二支道
4417,永文路
4418,阳光街三段
4419,逸霞路
4420,育人东街
4421,影剧院街
4422,禹庙下街
4423,禹庙上街
4424,一环路东北段
4425,一环路东南段
4426,一环路西北段
4427,一环路西南段
4428,玉龙五巷
4429,一里阳光街
4430,驭虹路
4431,余波桥街
4432,永丰立交桥
4433,迎晖路
4434,益园二路
4435,玉林中横巷
4436,玉林二巷
4437,月街
4438,悦彬路
4439,堰功道
4440,营门口立交桥
4441,玉带街
4442,余渡大桥
4443,邑邛故道
4444,云峰街
4445,永石路
4446,一杆旗南街
4447,一杆旗北街
4448,杨桥路
4449,云岭路
4450,永安东路
4451,云桥街
4452,玉林东路
4453,玉林西路
4454,玉林五巷
4455,玉林上横街
4456,玉林街
4457,玉林中路
4458,玉洁巷
4459,玉林南路
4460,玉洁西街
4461,元通二巷
4462,元通一巷
4463,元华二巷
4464,云霞路
4465,永盛东街
4466,益园路
4467,岳府街
4468,逸都路
4469,云影路
4470,永盛南街
4471,逸霞街
4472,玉林横街
4473,玉林八巷
4474,玉林中横巷
4475,益园一路
4476,亚光路
4477,永盛北街
4478,益园二路
4479,益园三路
4480,玉通巷
4481,元华一巷
4482,玉林南街
4483,益州东一街
4484,玉洁东街
4485,玉双路
4486,一心桥横街
4487,烟袋巷
4488,一心桥街
4489,一心桥南街
4490,玉林北路
4491,盐道街
4492,玉林北街
4493,玉皇观街
4494,游乐园滨河路
4495,优品街
4496,雍翠路
4497,育婴堂街
4498,银杏大道
4499,银玉路
4500,悦来街
4501,驿都大道
4502,玉鹤路
4503,迎晖南路
4504,玉兰街
4505,迎晖南街
4506,药王庙街
4507,银木街
4508,杨树街
4509,育卉街
4510,阳光北路
4511,音乐公园南路
4512,音乐公园东路
4513,银丝街
4514,严家祠路
4515,永丰东路
4516,义京大道
4517,银履街
4518,一三五电子路
4519,御景路
4520,一帆大道
4521,永红路
4522,育英大桥
4523,驿站环路
4524,驿站路
4525,友谊桥
4526,姚渡上街
4527,阳河街
4528,阳光森林路
4529,怡湖西路
4530,怡湖东路
4531,玉带巷
4532,怡湖北路
4533,鱼凫二支道
4534,羊马立交桥
4535,燕阳路
4536,杨桥路
4537,迎春道
4538,鸳鸯中街
4539,鸳鸯西街
4540,鸳鸯北街
4541,义兴西路
4542,义兴中路
4543,鸳鸯西边巷
4544,银桦路
4545,银桦西路
4546,永安西路
4547,永康西路
4548,永安东路
4549,永康东路
4550,杨祠街
4551,永安中路
4552,裕民巷
4553,羊马立交桥
4554,羊安路
4555,永宏路
4556,永科路
4557,一元街
4558,永和大道
4559,杨柳西路
4560,友贤路
4561,宇王街
4562,映月西街
4563,业兴北路
4564,雁葫路
4565,迎龙路
4566,业青路
4567,映月街
4568,艺术村路
4569,玉宇路
4570,沅江路
4571,月华路
4572,玉隆东街
4573,永高路
4574,云龙路
4575,元华路
4576,益州大道
4577,迎江路
4578,羊双路
4579,油榨房街
4580,益州东二街
4581,云华路
4582,雅士路
4583,驿泉路
4584,裕农街
4585,银河大道
4586,雅泉街
4587,怡居路
4588,雅生路
4589,永双街
4590,驿生路
4591,永溪街
4592,沿山路
4593,怡安路
4594,怡岭路
4595,玉扬路
4596,怡和北街
4597,怡合路
4598,驭虹路
4599,樱桃街
4600,盐井路
4601,盐井五街
4602,盐井七街
4603,盐井六街
4604,盐井四街
4605,盐井三街
4606,盐井二街
4607,盐井一街
4608,驭龙桥
4609,玉兰巷
4610,阎巷街
4611,玉宁北路
4612,银丰路
4613,羊安街
4614,羊安第二大桥
4615,岳巷子
4616,余波桥街
4617,余渡大桥
4618,养廉街
4619,永安大桥
4620,养义街
4621,养方街
4622,养信街
4623,宜城路
4624,宜城东路
4625,宜城西路
4626,营北街
4627,营新街南段
4628,营南街
4629,营新街北段
4630,营东街
4631,邑新大道
4632,鸳鸯池街
4633,元通路
4634,玉龙东七巷
4635,玉龙西七巷
4636,永石路
4637,玉龙西街
4638,一杆旗东街
4639,一里街
4640,邮电街
4641,药王大道下段
4642,药王大道中段
4643,杨柳堰街
4644,玉府路
4645,玉堂美食长廊
4646,永安大道
4647,玉带桥街
4648,玉带桥下河街
4649,永友路
4650,银厂沟东路
4651,银厂沟南路
4652,银厂沟北路
4653,银厂沟西路
4654,堰华路
4655,雅泉路
4656,玉垒南街
4657,玉垒北街
4658,玉垒路
4659,银杏西路
4660,银桂街
4661,银杏中路
4662,银杏东路
4663,玉居庵西路
4664,玉局庵东路
4665,银桂桥二巷
4666,银沙路
4667,银沙南街
4668,营康西路
4669,营康路
4670,营通街
4671,营和街
4672,营兴街
4673,营通巷
4674,一品天下大街
4675,育英南路
4676,玉赛路
4677,怡福路
4678,营门口路
4679,营策巷
4680,银桂桥西街
4681,育仁北路
4682,育仁南路
4683,银桂桥一巷
4684,银沙横街
4685,银河北街
4686,银沙北街
4687,银沙正街
4688,银沙西街
4689,羊子山西路
4690,育苗路
4691,银沙街
4692,银沙巷
4693,营中巷
4694,玉局庵西路
4695,怡福巷
4696,育仁西路
4697,育德路
4698,育苗南路
4699,育仁东路
4700,羊子山路
4701,云龙南路
4702,蓥华寺街
4703,杨柳东路
4704,Y010-府通路
4705,永通路
4706,永科路
4707,永宁正街
4708,一里阳光街
4709,云桥路
4710,银杏中路
4711,堰华路
4712,营门口路
4713,永陵路
4714,云石路
4715,藏卫路南二段
4716,藏卫路南四段
4717,藏卫路南三段
4718,藏卫路南一段
4719,昭觉寺南路
4720,紫罗兰街
4721,忠北路
4722,忠诚路
4723,子华北街
4724,子华中街
4725,赞元街
4726,战备渠南路
4727,战备渠北路
4728,政通东路
4729,政通西路
4730,中铁北街
4731,中央马路
4732,中鹏路
4733,中鹏巷
4734,中鹏西路
4735,梓潼一街
4736,政星街
4737,支渠路
4738,祝善路
4739,子云南路
4740,子云北路
4741,正港路
4742,正兴大道
4743,珠江东路
4744,真武巷
4745,中信大道
4746,芝芝路
4747,紫瑞大道
4748,紫藤路
4749,中莲池正街
4750,至善南路
4751,中央马路
4752,走马河街
4753,子云路西二巷
4754,站东路
4755,忠北路
4756,中崇路
4757,正府街
4758,政府北路
4759,造纸路
4760,正兴路
4761,正通路
4762,质检路
4763,中崇路
4764,早兴街
4765,政文街
4766,中南大街
4767,中道街
4768,走马街
4769,置信北街
4770,棕竹街
4771,紫丁巷
4772,中南大街
4773,紫荆西路
4774,棕树西街
4775,置信路
4776,棕南西街
4777,棕南正街
4778,紫荆北路
4779,中苑巷
4780,紫薇东路
4781,棕树南街
4782,紫荆东路
4783,紫竹南一街
4784,紫荆南路
4785,紫瑞大道
4786,棕苑巷
4787,致民路
4788,梓潼街
4789,致民东路
4790,紫瑞北街
4791,中沙河铺街
4792,忠烈祠西街
4793,忠孝巷
4794,紫东正街
4795,紫竹北街
4796,棕南东街
4797,濯锦路
4798,棕树东街
4799,正科甲巷
4800,忠烈祠东街
4801,紫竹西街
4802,棕树北街
4803,置信南街
4804,中沙北路
4805,中新横街
4806,枣子巷
4807,指挥街
4808,中纱帽街
4809,梓潼桥正街
4810,招商路
4811,梓潼桥西街
4812,昭忠祠街
4813,支矶石街
4814,紫竹南二街
4815,栀子街
4816,醉香路
4817,振兴西一路
4818,昭晖路
4819,州城大道
4820,赵家寺路
4821,忠义东路
4822,竹园大道
4823,詹家湾路
4824,振新街
4825,中集大道
4826,自富路
4827,紫瑞街
4828,正因北街西八巷
4829,正因北街东八巷
4830,正因北街
4831,正因南街
4832,赵家河桥
4833,正和路
4834,窄巷子
4835,紫荆北街
4836,政府中路
4837,政府北路
4838,政安巷
4839,政府南路
4840,竹瓦南街
4841,中孚街
4842,濯锦立交
4843,正通路
4844,子龙街
4845,早觉北街
4846,早觉东街
4847,早兴街
4848,中南街
4849,中兴南街
4850,早觉中街
4851,质检路
4852,准河路
4853,兆景路
4854,智星二路
4855,中正路
4856,中顺路
4857,正溪上街
4858,正溪下街
4859,致学路
4860,中太路
4861,站华路
4862,紫庆街
4863,正北中街
4864,中柏路
4865,中和上街
4866,中和大道
4867,中胜路
4868,中兴下街
4869,正北上街
4870,中兴上街
4871,正东中街
4872,中和下街
4873,正东上街
4874,正北下街
4875,正东下街
4876,中柏大道
4877,正街一段
4878,中合街
4879,芝芝路
4880,正福街
4881,忠义路
4882,中彭路
4883,正西后街
4884,赵果街
4885,中和北街
4886,中和南街
4887,中和中街
4888,紫东阁街
4889,正兴大道西段
4890,珠江西街
4891,闸北茶道
4892,中心上街
4893,竹瓦街
4894,政德街
4895,走马河街
4896,中兴商业街
4897,中兴景桥路
4898,中兴孟江路
4899,中兴滨河路
4900,中兴中大街
4901,紫薇巷
4902,走马河西路下段
4903,走马河西路中段
4904,走马河西路上段
4905,中医院北路
4906,致和路
4907,昭青南路
4908,站北西横街
4909,站西桥东巷
4910,珠宝街
4911,振兴东一路
4912,站北东街
4913,站西路
4914,中同仁路
4915,站北中街
4916,站东南一路
4917,站北东横街
4918,正府街
4919,站北北街
4920,战旗东路
4921,昭觉寺横路
4922,站西桥西街
4923,子云路
4924,中新路
4925,站西桥西巷
4926,昭青路
4927,致祥路
4928,昭青横路
4929,致兴路
4930,致力路
4931,致强路
4932,致强环街
4933,致力西街
4934,致力东街
4935,致顺路
4936,致顺南一街
4937,致顺南二街
4938,灶君庙街
4939,正通顺街
4940,子云东路
4941,子云西路
4942,中环路
4943,漳州路
4944,昭觉寺南路
4945,昭觉寺横路
4946,昭晖路
4947,州城大道
4948,正方路
4949,竹园大道
4950,竹柳路
4951,中集大道
4952,竹怡路
